iso3,year,gdp_pc,pop,urban,unemp,political_stability
ABW,2019,10.311686508435281,11.600963814443052,43.546,,1.3358073234558105
ABW,2020,10.344841067373563,11.595306973976017,43.697,,1.3715912103652954
ABW,2021,10.036965982761496,11.58710486314448,43.866,,1.4317266941070557
ABW,2022,10.21097449784763,11.583477120921174,44.052,,1.4830797910690308
ADO,2019,,,,,1.5773667097091675
ADO,2020,,,,,1.5886753797531128
ADO,2021,,,,,1.5812593698501587
ADO,2022,,,,,1.5859884023666382
AFE,2019,7.338824245620578,20.331629946381128,36.38427228781498,7.360513104433302,
AFE,2020,7.30909049635262,20.35862510735566,36.88403448173588,7.584418799099279,
AFE,2021,7.20348231128416,20.385119498999224,37.39363252917165,8.191394911274141,
AFE,2022,7.3280389449743595,20.411047043519197,37.90901202118315,8.577384992317613,
AFG,2019,6.197130697311606,17.44930324207805,25.754,11.196,-2.6525397300720215
AFG,2020,6.207789915869446,17.480839334107248,26.026,11.185,-2.702721118927002
AFG,2021,6.235952797617644,17.504400312025165,26.314,11.71,-2.5186760425567627
AFG,2022,5.876323620207197,17.518757355730035,26.616,11.994,-2.5449559688568115
AFW,2019,7.450161124360333,19.95402656424478,47.32261735761257,4.32363095413829,
AFW,2020,7.494619676828457,19.97791832128815,47.93102095757971,4.395271210761934,
AFW,2021,7.426572484103591,20.001556611037678,48.531971059046455,4.852392700551304,
AFW,2022,7.476446779465005,20.02487931497649,49.12980798683633,4.736731762373329,
AGO,2019,7.839364635879906,17.29291659902896,66.177,16.594,-0.3684116005897522
AGO,2020,7.691590936656624,17.325596185520457,66.825,16.497,-0.5999178886413574
AGO,2021,7.2792656386156125,17.357409411519967,67.46,16.69,-0.7104807496070862
AGO,2022,7.563135512785443,17.388839672724426,68.081,15.799,-0.6301085352897644
AIA,2019,,,,,1.3170461654663086
AIA,2020,,,,,1.5038427114486694
AIA,2021,,,,,1.52878737449646
AIA,2022,,,,,1.1231739521026611
ALB,2019,8.58774276029073,14.864298998395611,61.229,12.304,0.11010505259037018
ALB,2020,8.605282913376637,14.858556928803171,62.112,11.466,0.08861251920461655
ALB,2021,8.588727962789456,14.849287748186777,62.969,11.69,0.196371927857399
ALB,2022,8.766126557394573,14.837129844985524,63.799,11.474,0.10626131296157837
AND,2019,10.66475529776182,11.244706092764927,87.984,,
AND,2020,10.627595575918455,11.256483628254504,87.916,,
AND,2021,10.528385069291275,11.269119917207922,87.858,,
AND,2022,10.655509582026047,11.286087598067747,87.811,,
ANT,2019,,,,,
ANT,2020,,,,,
ANT,2021,,,,,
ANT,2022,,,,,
ARB,2019,8.805107746044868,19.911968512103957,58.20454210605278,10.659739634992878,
ARB,2020,8.800639116233855,19.932997964393632,58.496674130508886,10.216098023831073,
ARB,2021,8.65215773077564,19.948141719129712,58.66292660214408,11.32561254166228,
ARB,2022,8.807129064919488,19.971115858951595,59.05426701714086,10.88965878375747,
ARE,2019,10.729631604872843,16.061079168222147,86.789,2.236,0.6675384044647217
ARE,2020,10.697643511814364,16.0563306666757,87.048,2.331,0.5926053524017334
ARE,2021,10.523361519608008,16.074681967578613,87.299,4.294,0.5975721478462219
ARE,2022,10.677293122740085,16.125565382916005,87.543,3.105,0.7441833019256592
ARG,2019,9.371846779892266,17.621583207146163,91.991,9.22,-0.09782309085130692
ARG,2020,9.205928131021869,17.62642986351358,92.111,9.843,-0.07199740409851074
ARG,2021,9.052000858895653,17.629088657464038,92.229,11.461,0.000530058634467423
ARG,2022,9.28154580003853,17.631196744774766,92.347,8.736,-0.09859433025121689
ARM,2019,8.341888309605302,14.901544064425524,63.219,18.966,-0.4200249910354614
ARM,2020,8.4332089822535,14.901206454699157,63.313,18.304,-0.7716448903083801
ARM,2021,8.359060143521054,14.90147655159806,63.431,18.175,-0.8040410280227661
ARM,2022,8.45215960829652,14.903803114225529,63.573,15.469,-0.7407562732696533
ASM,2019,9.43763965122987,10.823949572479094,87.147,,1.1449339389801025
ASM,2020,9.463907279986081,10.814986823674152,87.153,,1.090208649635315
ASM,2021,9.58116287157507,10.804156903507327,87.169,,1.0668408870697021
ASM,2022,9.631426860987304,10.786056027005252,87.196,,1.1231739521026611
ATG,2019,9.813203210790132,11.422606806768524,24.506,,0.9380796551704407
ATG,2020,9.846725234645838,11.427868540429868,24.433,,0.9295788407325745
ATG,2021,9.640147346620278,11.433330157198428,24.38,,0.9496698975563049
ATG,2022,9.761267130751799,11.438632860388374,24.346,,0.9380820989608765
AUS,2019,10.954246624334177,17.04769052889935,86.124,5.3,0.9179789423942566
AUS,2020,10.91459200988416,17.06002481141249,86.241,5.159,0.8621618747711182
AUS,2021,10.854982097921178,17.061433762245418,86.362,6.456,0.8350791335105896
AUS,2022,11.012178527854376,17.07416075038318,86.488,5.116,0.9837159514427185
AUT,2019,10.843379081364969,15.999303105918763,58.515,4.933,0.8921890258789062
AUT,2020,10.817495575722525,16.003454873234418,58.748,4.56,0.8876008987426758
AUT,2021,10.793771211040454,16.007811590074983,58.995,5.201,0.899554431438446
AUT,2022,10.890212872176885,16.017374468045748,59.256,6.459,0.6487100124359131
AZE,2019,8.463749019726647,16.120521007402136,56.031,4.9,-0.6934114694595337
AZE,2020,8.477569170218308,16.12736466065602,56.397,5.0,-0.852253794670105
AZE,2021,8.349936148660023,16.131776638014184,56.776,7.24,-0.8378235697746277
AZE,2022,8.595643003736127,16.132171716676563,57.17,6.04,-0.9228072762489319
BDI,2019,5.415653157283721,16.32147199194916,13.366,1.146,-1.625056266784668
BDI,2020,5.348233061458283,16.350558522198984,13.708,1.043,-1.5423520803451538
BDI,2021,5.34714629140678,16.377801076151023,14.058,1.03,-1.2583993673324585
BDI,2022,5.366403285486457,16.404859577042693,14.417,1.118,-1.192446231842041
BEL,2019,10.76821569143367,16.256898873038445,98.041,5.941,0.4583953320980072
BEL,2020,10.751855327791592,16.26120884118944,98.079,5.364,0.5210785269737244
BEL,2021,10.734357370992296,16.265324861154763,98.117,5.545,0.6626825928688049
BEL,2022,10.852404964151159,16.27340651465478,98.153,6.248,0.5819815993309021
BEN,2019,7.049029963843641,16.359217028376385,47.861,1.41,-0.42024025321006775
BEN,2020,7.03069950908468,16.385843015891712,48.415,1.214,-0.4430716633796692
BEN,2021,7.090238711266235,16.41176603264275,48.972,1.502,-0.3963186740875244
BEN,2022,7.184364963974828,16.437240125277015,49.534,1.779,-0.34320268034935
BFA,2019,6.6560394225149215,16.8582195428518,29.98,4.695,-1.3021939992904663
BFA,2020,6.639683760185426,16.88257183878054,30.607,4.71,-1.5379784107208252
BFA,2021,6.715670664802603,16.906336760669376,31.24,5.04,-1.642943263053894
BFA,2022,6.797421627137521,16.929427475408154,31.877,5.2,-1.8153693675994873
BGD,2019,7.583371550868578,18.920928953589563,37.405,4.407,-0.9286287426948547
BGD,2020,7.663782873754543,18.929292061951852,38.177,4.441,-0.9158169031143188
BGD,2021,7.7181746039523444,18.937441841888784,38.946,5.436,-1.036882758140564
BGD,2022,7.81716204199339,18.947684180363453,39.711,5.327,-1.046462059020996
BGR,2019,9.197496752464138,15.705111243643566,75.347,5.211,0.5612844228744507
BGR,2020,9.246942701895515,15.695081861508275,75.686,4.23,0.40163102746009827
BGR,2021,9.284514901980872,15.688435335283392,76.025,5.125,0.3647393584251404
BGR,2022,9.470565221495942,15.681928573942514,76.363,5.267,0.3134286403656006
BHR,2019,10.178251797525215,14.210087268705758,89.394,1.2,-0.626829981803894
BHR,2020,10.213166309019025,14.202271155625196,89.506,1.223,-0.6101046204566956
BHR,2021,10.099993223126496,14.22388144021861,89.622,1.781,-0.5247611999511719
BHR,2022,10.209051599755002,14.237303636282364,89.743,1.541,-0.36290544271469116
BHS,2019,10.393365354323315,12.885817920399928,83.132,10.0,0.8015685677528381
BHS,2020,10.423481131460248,12.888823470782832,83.245,9.336,0.830306887626648
BHS,2021,10.172703435610096,12.890110966101018,83.365,12.027,0.8509685397148132
BHS,2022,10.32114011024299,12.893045805991653,83.492,11.032,0.8812392354011536
BIH,2019,8.707457428548297,15.023136581152773,48.626,18.4,-0.4248116910457611
BIH,2020,8.71970542848646,15.009235734248612,49.02,15.692,-0.4474771320819855
BIH,2021,8.721000815968733,14.992597248233519,49.425,15.868,-0.4217400848865509
BIH,2022,8.894991591319256,14.9801608679574,49.841,14.897,-0.48319369554519653
BLR,2019,8.75778955290672,16.05831995620132,79.044,4.763,0.34497809410095215
BLR,2020,8.830217430787368,16.054085203698524,79.483,4.165,-0.887615978717804
BLR,2021,8.786129015771259,16.045802876489844,79.91,4.049,-0.7542455792427063
BLR,2022,8.921286552060755,16.03776059222104,80.326,3.9,-0.8020966053009033
BLZ,2019,8.70471477059523,12.863149545109835,45.866,7.896,0.06198648363351822
BLZ,2020,8.730698107617082,12.875981904922941,46.025,9.053,0.5186675786972046
BLZ,2021,8.56162982372441,12.88751660983059,46.201,10.784,0.2724660634994507
BLZ,2022,8.719744014189157,12.90602909034079,46.396,10.322,0.5640060901641846
BMU,2019,11.63695404197451,11.068308841314574,100.0,,1.0515190362930298
BMU,2020,11.659602924941447,11.072589369918582,100.0,,1.0034422874450684
BMU,2021,11.580364895395393,11.076712447913284,100.0,,1.0025403499603271
BMU,2022,11.633062010486631,11.07827353542708,100.0,,1.0240437984466553
BOL,2019,8.16072577505613,16.272650763277447,69.773,3.519,-0.7283402681350708
BOL,2020,8.161630774455885,16.284990407544825,70.123,3.682,-0.4534671902656555
BOL,2021,8.039138742084885,16.29518353595366,70.475,7.903,-0.2787742614746094
BOL,2022,8.12706335405287,16.306826126687348,70.83,5.089,-0.1919085532426834
BRA,2019,9.137840821689386,19.15042721917157,86.824,12.329,-0.714224636554718
BRA,2020,9.108289181878517,19.156220726268646,87.073,11.936,-0.4468909204006195
BRA,2021,8.864208763138661,19.160474335340812,87.317,13.697,-0.4198797643184662
BRA,2022,8.98375799590903,19.164076144249535,87.555,13.158,-0.3950369358062744
BRB,2019,9.906279445113087,12.54684633192318,31.158,8.322,1.0329310894012451
BRB,2020,9.932256070674823,12.548590854087752,31.191,8.412,1.1206599473953247
BRB,2021,9.817227397659707,12.550183490698547,31.246,9.777,1.1185704469680786
BRB,2022,9.836106910813177,12.550789374164241,31.324,9.433,1.1446454524993896
BRN,2019,10.341359153547213,13.00060244037872,77.942,8.7,1.1110872030258179
BRN,2020,10.323071618357204,13.011217268543573,78.25,6.6,1.1880840063095093
BRN,2021,10.197438406792182,13.020820011595893,78.554,7.409,1.1718099117279053
BRN,2022,10.341967091210675,13.028865554289014,78.854,4.905,1.2424886226654053
BTN,2019,8.131590759522876,13.547401020980102,41.612,3.35,1.0654714107513428
BTN,2020,8.182246154967096,13.554153586007299,42.316,2.72,1.0134891271591187
BTN,2021,8.068299278380968,13.561188468344016,43.008,5.03,0.7972550988197327
BTN,2022,8.180492451036471,13.56822030752182,43.686,4.803,1.0093425512313843
BWA,2019,8.910310295940839,14.662272417585871,70.172,19.681,1.0953298807144165
BWA,2020,8.877952322767555,14.676666521164364,70.877,20.094,1.0131680965423584
BWA,2021,8.751996107097204,14.691579531806871,71.56,21.017,1.0414071083068848
BWA,2022,8.962889776683754,14.707464333994698,72.224,23.106,1.0739837884902954
CAF,2019,6.120833457365551,15.413827460567894,41.77,5.517,-2.1358754634857178
CAF,2020,6.107531594859889,15.430259939538697,42.198,5.607,-2.2362775802612305
CAF,2021,6.137465834861336,15.447120836663515,42.648,6.196,-2.1268529891967773
CAF,2022,6.1990134166661255,15.444366513947783,43.12,6.375,-2.205052375793457
CAN,2019,10.748049734874089,17.443006375720604,81.482,5.837,0.994933545589447
CAN,2020,10.744038475108562,17.453850065431926,81.562,5.69,1.013182282447815
CAN,2021,10.68138570790037,17.459389089655794,81.653,9.657,0.9623369574546814
CAN,2022,10.875906443090255,17.47742813540461,81.752,7.527,0.7806815505027771
CEB,2019,9.695552381829657,18.439151838092783,62.39255473656053,4.3036956278688185,
CEB,2020,9.71425309007815,18.43276506355774,62.52134192757112,3.770153481758424,
CEB,2021,9.716913081095967,18.422735950567684,62.65356713017175,4.361481611415455,
CEB,2022,9.86473729080928,18.421399195804014,62.83593159687202,4.4608355301794935,
CHE,2019,11.35296055531743,15.964394203544403,73.849,4.713,1.310975432395935
CHE,2020,11.340022585216989,15.971700965494877,73.915,4.394,1.1762402057647705
CHE,2021,11.360913314087094,15.979355975889842,73.996,4.817,1.1153756380081177
CHE,2022,11.447477449510572,15.987655247728846,74.092,5.013,1.1597453355789185
CHI,2019,11.01507122990079,12.017566000452195,30.931,6.571,
CHI,2020,11.011523768646208,12.021157728883619,30.963,6.408,
CHI,2021,10.94704404238695,12.024196989307782,31.012,6.863,
CHI,2022,11.111136222444276,12.027035688527436,31.077,6.875,
CHL,2019,9.658831818775822,16.770303330094343,87.643,7.623,-0.016121579334139824
CHL,2020,9.581608486265589,16.779268249629396,87.727,7.493,0.044044505804777145
CHL,2021,9.48149782209486,16.78368323054147,87.817,10.934,0.16142718493938446
CHL,2022,9.693188194608823,16.78864112645641,87.912,9.281,0.13208432495594025
CHN,2019,9.218870270223322,21.06525497032569,60.308,4.31,-0.2597806751728058
CHN,2020,9.24405566504204,21.06763537902799,61.428,4.56,-0.474127858877182
CHN,2021,9.271196853872109,21.068527901028403,62.512,5.0,-0.5164628624916077
CHN,2022,9.464008140867119,21.068396906014875,63.56,4.55,-0.4512767195701599
CIV,2019,7.664283839799412,17.154584597372704,51.239,2.85,-1.0364967584609985
CIV,2020,7.669387104030771,17.179886577726418,51.706,2.401,-1.0332196950912476
CIV,2021,7.6869559959331175,17.204626451469903,52.18,2.584,-0.7150156497955322
CIV,2022,7.806281665567322,17.229788744965255,52.661,2.63,-0.5872665047645569
CMR,2019,7.384421920918874,17.05442800117586,56.968,3.601,-1.5618232488632202
CMR,2020,7.349376540533087,17.081672864657097,57.56,3.622,-1.5136797428131104
CMR,2021,7.349618985029773,17.108222472315166,58.148,3.87,-1.3940887451171875
CMR,2022,7.421971093596724,17.134512981411294,58.733,3.973,-1.3796292543411255
COD,2019,6.269581052130049,18.347544751580905,45.046,4.618,
COD,2020,6.322644521050013,18.379754556504217,45.638,4.591,
COD,2021,6.229538542706739,18.41213364131382,46.235,5.345,
COD,2022,6.3244200309401695,18.444367660756317,46.837,5.28,
COG,2019,7.898943491691298,15.54124791719195,67.373,20.701,-0.299274206161499
COG,2020,7.819405125487231,15.565195686313627,67.829,20.392,-0.21304312348365784
COG,2021,7.597690643142918,15.589137115145471,68.283,22.198,-0.2294364720582962
COG,2022,7.830490222829693,15.613103645173902,68.736,21.96,0.038993820548057556
COK,2019,,,,,1.1243659257888794
COK,2020,,,,,1.153894305229187
COK,2021,,,,,1.1452631950378418
COK,2022,,,,,1.1647605895996094
COL,2019,8.827170104063562,17.725691567959988,81.104,9.36,-0.9794861078262329
COL,2020,8.77532473350093,17.740054784692685,81.425,10.28,-0.7011500597000122
COL,2021,8.582922337274953,17.751019067232278,81.74,15.983,-0.9545743465423584
COL,2022,8.73594658310268,17.76170199678534,82.05,13.898,-0.6299583315849304
COM,2019,7.339999487025092,13.575447170116817,29.164,3.942,-0.17679767310619354
COM,2020,7.325981196043223,13.595067108093078,29.38,3.934,-0.28738489747047424
COM,2021,7.3311715690217465,13.614830306900913,29.613,4.471,-0.22799064218997955
COM,2022,7.370060530370926,13.634214075601957,29.864,4.394,-0.2264113575220108
CPV,2019,8.365198708740941,13.150180858600761,66.195,12.17,0.8596274256706238
CPV,2020,8.384982337539078,13.151298684342192,66.652,12.128,0.874232292175293
CPV,2021,8.17166351120954,13.15511900609432,67.102,14.69,0.8943684697151184
CPV,2022,8.28688505868195,13.16108588955302,67.545,13.976,0.927069365978241
CRI,2019,9.440677934480254,15.424859066401956,80.076,9.01,0.43031996488571167
CRI,2020,9.463794752994776,15.431789020396428,80.771,10.807,0.7468180656433105
CRI,2021,9.424971749066426,15.436874669719334,81.425,16.432,0.8604225516319275
CRI,2022,9.460174035035275,15.441169200155919,82.042,15.139,0.9565964341163635
CSS,2019,9.53353387193018,15.306870541265184,48.3740566861139,8.42228555555843,
CSS,2020,9.54238871761973,15.31050280950634,48.47893840762523,8.162114304576805,
CSS,2021,9.386455826947307,15.314947649602647,48.552121024511926,9.865500419506317,
CSS,2022,9.534834725767059,15.3189899982224,48.65293726716638,9.53894339285438,
CUB,2019,9.095093598994476,16.231678411128428,77.109,1.7,0.6105005741119385
CUB,2020,9.130459276839085,16.229310854435187,77.194,1.705,0.5961467623710632
CUB,2021,9.170066274278113,16.224450791812473,77.292,2.24,0.39279600977897644
CUB,2022,,16.218829279061648,77.401,2.116,0.491417795419693
CUW,2019,9.858444390272696,11.966806063891925,89.098,,
CUW,2020,9.863742404014644,11.950838401944246,89.062,,
CUW,2021,9.702355787353197,11.93406048947015,89.038,,
CUW,2022,9.797015212971688,11.918363906056165,89.025,,
CYM,2019,11.336970237907716,11.117316623885428,100.0,,1.4015254974365234
CYM,2020,11.387977589678458,11.137271554433694,100.0,,1.4564709663391113
CYM,2021,11.31859770067484,11.157792189193067,100.0,,1.6247758865356445
CYM,2022,11.367187824080121,11.178724646724019,100.0,,1.6607418060302734
CYP,2019,10.295529178424376,14.06756882064288,66.805,8.504,0.5445982217788696
CYP,2020,10.299005105177898,14.079601791899659,66.821,7.155,0.2887776494026184
CYP,2021,10.262874362913871,14.091101577351264,66.856,7.755,0.4221506714820862
CYP,2022,10.426262551978144,14.1017190452225,66.911,7.513,0.4238112270832062
CZE,2019,10.07348063255074,16.18312186565405,73.921,2.246,0.9419956803321838
CZE,2020,10.088418992342875,16.18555409247617,74.061,2.015,0.9123280048370361
CZE,2021,10.063601483022085,16.167435378375917,74.214,2.55,0.9475378394126892
CZE,2022,10.229059956680214,16.183145104047927,74.377,2.803,0.8141145706176758
DEU,2019,10.797018422661445,18.235470563098215,77.376,3.384,0.5485398769378662
DEU,2020,10.771089292879866,18.23628749468471,77.453,3.163,0.6450491547584534
DEU,2021,10.765950521907927,18.236710765257264,77.544,3.881,0.7257881760597229
DEU,2022,10.864094726143279,18.243919519817155,77.648,3.594,0.6284918785095215
DJI,2019,7.907682274149239,13.90050314857525,77.915,26.184,-0.34338805079460144
DJI,2020,7.950562011253852,13.915526014209151,78.062,26.256,-0.44820237159729004
DJI,2021,7.953279015902468,13.92995290863003,78.217,27.713,-0.5663247108459473
DJI,2022,8.014967569442287,13.94398820188611,78.38,27.668,-0.5073860883712769
DMA,2019,9.128621351970367,11.125496719348163,70.786,,1.0299415588378906
DMA,2020,9.158115060197824,11.120963773962298,71.09,,1.317089557647705
DMA,2021,8.965430190391503,11.115458287973127,71.395,,1.3341306447982788
DMA,2022,9.033174001316079,11.109847505354562,71.7,,1.308010458946228
DNK,2019,11.023939061611191,15.575851940886242,87.994,5.131,0.9675987362861633
DNK,2020,10.992121326420907,15.578768352661008,88.116,5.018,0.9202337265014648
DNK,2021,11.018391222398014,15.583102497555105,88.24,5.637,0.9286626577377319
DNK,2022,11.152357056578962,15.590977522202506,88.367,5.043,0.86891770362854
DOM,2019,8.972461565044354,16.203726684044828,81.828,5.861,-0.003112269565463066
DOM,2020,9.009816094639277,16.214160091690886,82.54,6.356,0.1649812012910843
DOM,2021,8.872798746320544,16.224568387868715,83.213,6.126,0.287386029958725
DOM,2022,9.05100173126772,16.234164685219852,83.848,7.702,0.24928763508796692
DZA,2019,8.428844984934631,17.583537226609728,73.189,12.137,-1.0558538436889648
DZA,2020,8.40479763642708,17.60065634825567,73.733,12.259,-0.8478204011917114
DZA,2021,8.227787488311003,17.61684999427905,74.261,14.057,-0.9924571514129639
DZA,2022,8.333404783490614,17.632725815348117,74.772,13.63,-0.6506523489952087
EAP,2019,8.992923453168633,21.471038452367484,56.57602106754011,3.802343783435901,
EAP,2020,9.022375683663007,21.475561865727954,57.48453968089424,3.893305530577544,
EAP,2021,9.034958883221595,21.47870859262008,58.365536900363566,4.36073968094378,
EAP,2022,9.20780078996749,21.48105797422946,59.22148416377907,4.122485916570271,
EAR,2019,8.165012765327598,21.933722016600274,45.37626401449492,6.79972998966452,
EAR,2020,8.172820522373485,21.945879178014547,45.78781492573128,6.3347113042357845,
EAR,2021,8.086640940209016,21.95641662110733,46.18540969272297,7.410809782099925,
EAR,2022,8.23363880111587,21.967606244764635,46.62515460236719,6.786333958603793,
EAS,2019,9.340884385589392,21.581830455516826,59.87255834431975,3.744974769102249,
EAS,2020,9.356885761601061,21.585918921003735,60.682234515488936,3.8147210003949934,
EAS,2021,9.358354613089917,21.588324079321204,61.45940023400117,4.289700498922305,
EAS,2022,9.494222509057924,21.59021849689709,62.22573126511048,4.054342452526572,
ECA,2019,8.691524583343348,19.33241336741589,63.538180257183896,8.661131657451925,
ECA,2020,8.702948297087012,19.33961042673059,63.76311537877268,9.164450303010447,
ECA,2021,8.654067074958697,19.3456918664548,63.99197909098351,9.316387245182232,
ECA,2022,8.798356771129507,19.340327438279825,64.16972587626603,9.010554342732746,
ECS,2019,10.141033916055157,20.642292796814473,72.37881915765898,6.898466519394116,
ECS,2020,10.125647285785758,20.6441943153523,72.58462866555564,6.6450735805812045,
ECS,2021,10.090857971663146,20.64498313580234,72.79985755127728,7.11300236808992,
ECS,2022,10.225259803225274,20.645370530039898,73.03962012906057,6.910928565779902,
ECU,2019,8.748926761306318,16.6685277403886,63.986,3.53,-0.23821775615215302
ECU,2020,8.733119988887674,16.68034026621165,64.166,3.812,-0.27024322748184204
ECU,2021,8.605871456514745,16.688083406446793,64.361,6.127,-0.2573873698711395
ECU,2022,8.709683454857418,16.696050642967137,64.57,4.552,-0.3712243139743805
EGY,2019,7.817908477192321,18.493495776333862,42.73,9.855,-1.1246308088302612
EGY,2020,7.99395380819095,18.509745315029033,42.783,7.851,-1.181932806968689
EGY,2021,8.163688590984506,18.524653368935343,42.862,7.974,-1.0328643321990967
EGY,2022,8.249929021970582,18.539514338689372,42.967,7.441,-0.978700578212738
EMU,2019,10.599049620036945,19.663383567022308,76.99972316915745,8.158556294489586,
EMU,2020,10.576751136841832,19.664795400514222,77.23498135936505,7.519361422542613,
EMU,2021,10.551494406866679,19.66543225194152,77.47162405071272,7.829555597005183,
EMU,2022,10.668193596805637,19.669725049640938,77.7126830118197,7.7223522890732275,
ERI,2019,,14.991143762519194,40.712,5.511,-0.7059687972068787
ERI,2020,,15.006784370326802,41.347,5.552,-0.992741048336029
ERI,2021,,15.024525529174928,41.985,6.088,-1.0556821823120117
ERI,2022,,15.042060666020733,42.625,6.177,-0.9571950435638428
ESP,2019,10.328834411872553,17.668176284407693,80.565,15.255,0.2927687466144562
ESP,2020,10.301811374547727,17.673276386303904,80.81,14.104,0.4114484488964081
ESP,2021,10.212219365717727,17.675056853255118,81.056,15.532,0.5092355608940125
ESP,2022,10.335253007576831,17.68224540204672,81.304,14.781,0.31884342432022095
EST,2019,10.069770175776512,14.098354445250802,69.051,5.412,0.6301977634429932
EST,2020,10.086694140130204,14.100330037102578,69.229,4.514,0.7098169922828674
EST,2021,10.083055068025153,14.10139000666568,69.415,6.956,0.7485895156860352
EST,2022,10.238307246711368,14.114755521780507,69.609,6.178,0.7278808951377869
ETH,2019,6.617360201220894,18.566834242829625,21.225,2.802,-1.3037627935409546
ETH,2020,6.719869165346455,18.593941971307704,21.695,2.917,-1.753702998161316
ETH,2021,6.808280916169575,18.6206669251881,22.174,3.994,-2.183831214904785
ETH,2022,6.814485691534289,18.646893875281712,22.661,3.935,-2.070606231689453
EUU,2019,10.492784061678416,19.917868803650276,74.74058429860222,7.255923594757345,
EUU,2020,10.473750582109515,19.917780428574456,74.97598721599181,6.688575563759243,
EUU,2021,10.454448947842783,19.916339151395537,75.22018074965945,7.053502103390319,
EUU,2022,10.576798440234468,19.919641524254452,75.46205747041418,7.014184537212598,
FCS,2019,7.511102057277532,20.69776762192052,43.26807795438008,5.829739634418265,
FCS,2020,7.548825806919299,20.719951591898667,43.63942299662673,5.879107366492206,
FCS,2021,7.432434639593091,20.741786345620838,44.04210709140778,6.651807556432632,
FCS,2022,7.475251870888949,20.760713943421898,44.40164649530698,6.777619440754944,
FIN,2019,10.812839259033648,15.524179317966839,85.446,7.361,0.8352588415145874
FIN,2020,10.78639068568719,15.525615729938966,85.517,6.695,0.9818251132965088
FIN,2021,10.796073220102288,15.52768861588304,85.596,7.759,0.9632759690284729
FIN,2022,10.879915919715371,15.530408061148101,85.681,7.617,0.8948301076889038
FJI,2019,8.713650991514301,13.726568955651398,56.75,4.335,0.7793349027633667
FJI,2020,8.691285760887101,13.726638906281584,57.247,4.373,0.662797212600708
FJI,2021,8.48558306859284,13.728547543441525,57.74,4.649,0.7251068949699402
FJI,2022,8.454502783213977,13.731500490717098,58.229,4.701,0.748508632183075
FRA,2019,10.631475112939684,18.025889383186374,80.709,9.018,0.2713412344455719
FRA,2020,10.606790113654695,18.02913496099673,80.975,8.415,0.2809928357601166
FRA,2021,10.575662867809294,18.03270398432062,81.242,8.009,0.3256123661994934
FRA,2022,10.685677585810422,18.035973909306268,81.509,7.874,0.39333921670913696
FRO,2019,11.043345599549108,10.855010283980864,42.225,,
FRO,2020,11.051954035438742,10.869843825417005,42.398,,
FRO,2021,11.038766372279998,10.883785414384576,42.583,,
FRO,2022,11.138223296302378,10.895386559118505,42.779,,
FSM,2019,8.179364368086379,11.610796000627982,22.812,,1.0327569246292114
FSM,2020,8.181065466634227,11.616528437052779,22.933,,1.1154639720916748
FSM,2021,8.120299621912084,11.622891359572042,23.068,,1.1979371309280396
FSM,2022,8.16286508085204,11.627271489754751,23.217,,1.2092188596725464
GAB,2019,8.939092845953938,14.634279305797504,89.741,20.439,-0.07509861886501312
GAB,2020,8.91478453560632,14.658171541778874,90.092,20.358,-0.06577281653881073
GAB,2021,8.795703853885234,14.681232785358784,90.423,21.27,-0.07571732252836227
GAB,2022,9.009619681428562,14.703709175484162,90.735,21.218,0.060369402170181274
GBR,2019,10.676265527871257,18.014680492680636,83.652,4.12,0.5266942977905273
GBR,2020,10.664153237750876,18.016374963564047,83.903,3.613,0.48305025696754456
GBR,2021,10.606704022811352,18.019964342866405,84.152,4.472,0.4899941384792328
GBR,2022,10.756337309785033,18.029177710860257,84.398,4.826,0.533176064491272
GEO,2019,8.477215549505885,15.129277504882689,59.039,12.667,-0.49817195534706116
GEO,2020,8.464063110450166,15.129964067377369,59.453,11.565,-0.42961063981056213
GEO,2021,8.366569587151373,15.126167701307097,59.872,11.73,-0.42962023615837097
GEO,2022,8.533776319101593,15.127216600813485,60.297,11.791,-0.43653005361557007
GHA,2019,7.694083856988852,17.25781613318783,56.707,3.253,0.1185268685221672
GHA,2020,7.690129733579403,17.277734331702774,57.349,3.16,0.16990190744400024
GHA,2021,7.694144509785386,17.297324790140724,57.985,3.313,0.06585245579481125
GHA,2022,7.801876728359405,17.31652769357514,58.615,3.384,-0.1950247883796692
GIB,2019,,10.47711894709451,100.0,,
GIB,2020,,10.496068263171036,100.0,,
GIB,2021,,10.514827970391982,100.0,,
GIB,2022,,10.534998662437673,100.0,,
GIN,2019,6.8386984221985685,16.383098431478853,36.5,4.787,-0.8426061272621155
GIN,2020,6.9386156268623775,16.408612426839245,36.875,5.018,-0.669285237789154
GIN,2021,6.960026023625443,16.43367346878157,37.264,6.018,-0.9399098753929138
GIN,2022,7.126863101510253,16.45849850969611,37.668,5.827,-0.8386821150779724
GMB,2019,6.545665425074071,14.714388157424118,61.931,4.127,0.214491605758667
GMB,2020,6.604196844061903,14.738074770344546,62.582,4.538,0.2480354756116867
GMB,2021,6.579716580587308,14.761752248186424,63.222,5.892,0.03533079847693443
GMB,2022,6.661715248936414,14.784951459166134,63.852,6.269,0.04397328197956085
GNB,2019,6.695219779326951,14.492373873117662,43.777,3.127,-0.561567485332489
GNB,2020,6.693850821583784,14.515263373201211,44.196,2.413,-0.7216764688491821
GNB,2021,6.728948315846719,14.537653761075754,44.617,2.89,-0.2799859046936035
GNB,2022,6.816170665790237,14.560077299939753,45.041,3.031,-0.3859448730945587
GNQ,2019,8.999924337149348,14.328440166800556,72.627,7.967,-0.14789828658103943
GNQ,2020,8.825287886070482,14.35577924911945,73.1,8.064,-0.2215607762336731
GNQ,2021,8.659396504112262,14.380134356284403,73.561,8.781,-0.2027355134487152
GNQ,2022,8.845868064304248,14.405264730497676,74.01,8.976,-0.23628859221935272
GRC,2019,9.89713750981656,16.187769277345733,79.388,19.179,0.1624283343553543
GRC,2020,9.869690833311722,16.185623356280015,79.715,17.045,0.11518152803182602
GRC,2021,9.791814553077762,16.17345533138016,80.038,15.899,0.1013832688331604
GRC,2022,9.935698184890448,16.160856436807453,80.357,14.656,0.10646377503871918
GRD,2019,9.218608226797114,11.661181663569499,36.396,,0.9380796551704407
GRD,2020,9.25558071115167,11.66428081292377,36.537,,1.0326236486434937
GRD,2021,9.101480284518914,11.667258985224015,36.694,,1.0403109788894653
GRD,2022,9.171832417227987,11.669185347436324,36.868,,1.033623218536377
GRL,2019,10.906783818775203,10.937116776827516,87.052,,1.8873629570007324
GRL,2020,10.883864270491307,10.939639159861633,87.282,,1.9105945825576782
GRL,2021,10.911676580847272,10.944700221805979,87.507,,1.8775867223739624
GRL,2022,10.970540268935732,10.944841422363956,87.727,,1.56980299949646
GTM,2019,8.378608255215054,16.654811394407012,51.439,2.283,-0.577340841293335
GTM,2020,8.414495250530708,16.669525165461664,51.836,2.193,-0.41582930088043213
GTM,2021,8.406846402258568,16.683332752520982,52.245,2.955,-0.39551791548728943
GTM,2022,8.499563142832118,16.697395123542297,52.666,2.174,-0.26285088062286377
GUF,2019,,,,,0.24391065537929535
GUF,2020,,,,,0.3167935311794281
GUF,2021,,,,,0.32776111364364624
GUF,2022,,,,,0.3198494017124176
GUM,2019,10.523955171621456,11.994165726141953,94.859,5.449,0.886530876159668
GUM,2020,10.578342015445877,11.996326447552043,94.938,5.401,0.8893609642982483
GUM,2021,10.504599934242922,12.005974008633538,95.015,6.248,0.8785420656204224
GUM,2022,10.547310009658018,12.014791067364708,95.091,5.991,0.8161131143569946
GUY,2019,8.707546899245747,13.601902647570851,26.689,13.627,-0.254073828458786
GUY,2020,8.764962923369191,13.601674804390363,26.786,13.172,-0.13755472004413605
GUY,2021,8.821099347419706,13.611534628451356,26.897,15.334,-0.13711319863796234
GUY,2022,9.196329694041983,13.619053970662327,27.022,14.557,0.02073356695473194
HIC,2019,10.623271485595808,21.0524107239894,80.34664127382773,5.082106013821605,
HIC,2020,10.629863949016753,21.055077330587842,80.54438586385069,4.763018043097569,
HIC,2021,10.60209818170744,21.053892184606788,80.73221114529403,6.461614777827317,
HIC,2022,10.719116513351196,21.058687667798882,80.94196213833501,5.560637186019751,
HKG,2019,10.790093352124664,15.831466357473571,100.0,2.805,-0.22703735530376434
HKG,2020,10.786407650980697,15.827877030854541,100.0,2.917,0.05660666897892952
HKG,2021,10.738768425747955,15.81875926336306,100.0,5.808,0.26393407583236694
HKG,2022,10.815179008687553,15.809680118119626,100.0,5.174,0.5749272108078003
HND,2019,7.8098020111746385,16.11244300481422,57.73,5.648,-0.569057047367096
HND,2020,7.824976555077982,16.129988648068327,58.359,5.698,-0.44850772619247437
HND,2021,7.743969778005343,16.14667115438602,58.982,10.982,-0.627813994884491
HND,2022,7.913940649430753,16.1634391201884,59.6,8.506,-0.5683618187904358
HPC,2019,6.8848406328892136,20.530468463491804,36.56632147361843,4.350988450382499,
HPC,2020,6.892205669559577,20.55808844510224,37.046538966108834,4.358911385562939,
HPC,2021,6.87530855338535,20.58507220552847,37.53686938100273,5.084669867993814,
HPC,2022,6.9565453241612145,20.61111151108934,38.03986954789357,4.990254515990245,
HRV,2019,9.646038380610023,15.18907169457196,57.242,8.432,0.6855106949806213
HRV,2020,9.652704059409057,15.180123057132112,57.553,6.617,0.6072832345962524
HRV,2021,9.602954054393424,15.171083048240476,57.878,7.507,0.6215956807136536
HRV,2022,9.786387872483173,15.165047828718594,58.219,7.608,0.6725632548332214
HTI,2019,7.310804464231789,16.22292069327588,56.192,13.878,-0.8876373171806335
HTI,2020,7.209467498444694,16.235331692596304,57.088,14.057,-1.027492880821228
HTI,2021,7.162649703280782,16.246892126534558,57.964,15.546,-1.128130555152893
HTI,2022,7.515041660811513,16.258171109399573,58.82,15.28,-1.4191986322402954
HUN,2019,9.717462569588665,16.087102692806642,71.644,3.708,0.7619212865829468
HUN,2020,9.741724799142764,16.08458219637701,71.942,3.419,0.8370468616485596
HUN,2021,9.70423939868939,16.080490559984383,72.245,4.25,0.7985912561416626
HUN,2022,9.853804967119558,16.077802058475783,72.552,4.045,0.6786763072013855
IBD,2019,8.768650127082257,22.30128767475989,55.673018686201765,6.294315685709589,
IBD,2020,8.78231585145786,22.308125379944144,56.25723839974065,6.0807655937156495,
IBD,2021,8.738203461702124,22.31362987815711,56.83690278841036,6.972138212851693,
IBD,2022,8.904645673616995,22.318305054516518,57.405194940573296,6.339003291162474,
IBT,2019,8.539311056971199,22.60950223619532,50.82113554598617,5.9244398109915455,
IBT,2020,8.550546982130378,22.620402779838503,51.32859596951253,5.783017561453199,
IBT,2021,8.503630880362836,22.630282627342115,51.83017842714472,6.643821142086398,
IBT,2022,8.659431281050246,22.63946030806869,52.32617792522174,6.171750280800024,
IDA,2019,7.251273118959918,21.28239089192068,37.36699457841689,4.660565415333352,
IDA,2020,7.268365715023876,21.30446061468798,37.86849327875331,4.782675381380018,
IDA,2021,7.225839498908221,21.326181106888235,38.37709275348762,5.576853161498908,
IDA,2022,7.289642545348926,21.347345905763664,38.90244030109325,5.630881022096675,
IDB,2019,7.5333833448174765,20.235533692554004,43.0461551836081,4.758530254230673,
IDB,2020,7.538033880722276,20.255564049229584,43.526580341855976,5.07726731486215,
IDB,2021,7.459007644439824,20.275722193638806,44.01116666957683,5.847926636803599,
IDB,2022,7.5268238270754875,20.29539547371257,44.50567625494983,5.830786586759159,
IDN,2019,8.258669460684754,19.42311020250093,55.985,4.387,-0.5021430253982544
IDN,2020,8.320435589311186,19.431608214374723,56.641,3.59,-0.46231138706207275
IDN,2021,8.256789754082872,19.438654227593986,57.29,4.255,-0.5314491987228394
IDN,2022,8.36338285298817,19.446114732290518,57.934,3.827,-0.5538942217826843
IDX,2019,7.056609835288961,20.85000782903838,34.29014413418238,4.6060447006700524,
IDX,2020,7.085124725070587,20.873178965593844,34.812779941759665,4.61871804976572,
IDX,2021,7.073156538309059,20.895740909161653,35.34176827380708,5.424442147864788,
IDX,2022,7.134170051014395,20.917707127986247,35.89078654136491,5.517774929107163,
IMN,2019,11.400806880754146,11.338060041995572,52.735,,
IMN,2020,11.375128436560631,11.339333692485267,52.898,,
IMN,2021,11.283682513006543,11.339833187054728,53.076,,
IMN,2022,11.45423614358401,11.340142272994967,53.271,,
IND,2019,7.5838857692925234,21.05187172337467,34.472,7.652,-0.7968469858169556
IND,2020,7.6214051539820336,21.061606109843773,34.926,6.51,-0.8414192199707031
IND,2021,7.5533089002531435,21.06983259204506,35.393,7.859,-0.6910767555236816
IND,2022,7.714058738771414,21.07773459745116,35.872,6.38,-0.6150273680686951
INX,2019,,,,,
INX,2020,,,,,
INX,2021,,,,,
INX,2022,,,,,
IRL,2019,11.298976549185339,15.420228549073858,63.405,5.741,0.9594164490699768
IRL,2020,11.31215711932884,15.43286644037487,63.653,4.95,0.9655215740203857
IRL,2021,11.369314953684095,15.446824437036392,63.912,5.623,0.8436626195907593
IRL,2022,11.551780499258156,15.466634603443364,64.183,6.364,0.8846673965454102
IRN,2019,8.440698053206155,18.28201215564775,75.391,12.195,-1.711534023284912
IRN,2020,8.250953955318849,18.289699730629707,75.874,10.74,-1.6992063522338867
IRN,2021,8.002620965944114,18.298010022999144,76.345,9.687,-1.5844532251358032
IRN,2022,8.374429064844671,18.310020051584875,76.807,9.282,-1.6256123781204224
IRQ,2019,8.638824691468628,17.53375877199101,70.678,13.49,-2.6092777252197266
IRQ,2020,8.643271832226086,17.555952638942514,70.893,14.109,-2.4747695922851562
IRQ,2021,8.365250943157374,17.578365373653824,71.119,15.778,-2.3846940994262695
IRQ,2022,8.490539991846253,17.601302339576407,71.354,16.173,-2.409309148788452
ISL,2019,11.217912440945767,12.79542197772042,93.855,2.704,1.619806170463562
ISL,2020,11.133891499621383,12.81165284023301,93.898,3.507,1.375031590461731
ISL,2021,10.985692072740102,12.828046006635594,93.944,5.478,1.3723533153533936
ISL,2022,11.144444022035852,12.853183740961017,93.992,6.029,1.2496992349624634
ISR,2019,10.654022717363455,16.018717206978042,92.501,3.917,-0.8155680298805237
ISR,2020,10.697624918420328,16.036354000899127,92.587,3.731,-0.8878185153007507
ISR,2021,10.704941272812787,16.05317305607387,92.674,4.169,-1.122313141822815
ISR,2022,10.864195166835685,16.072836744552706,92.763,4.812,-1.228965401649475
ITA,2019,10.460359814511664,17.905329578686892,70.736,10.61,0.38111427426338196
ITA,2020,10.428594374550324,17.900458627769716,71.039,9.951,0.39934539794921875
ITA,2021,10.376346060925366,17.89530262778127,71.346,9.164,0.5505209565162659
ITA,2022,10.514679892292794,17.893279619112445,71.657,9.497,0.4662982225418091
JAM,2019,8.626604118617438,14.853406699794329,55.985,5.47,0.38830986618995667
JAM,2020,8.63181443256043,14.856048366272772,56.311,4.987,0.2586821913719177
JAM,2021,8.492785790984426,14.858498079684015,56.652,6.501,0.2179943323135376
JAM,2022,8.549725785281918,14.859013156254028,57.008,5.188,0.3642427921295166
JEY,2019,,,,,1.2802094221115112
JEY,2020,,,,,1.328798770904541
JEY,2021,,,,,1.2845908403396606
JEY,2022,,,,,1.6213418245315552
JOR,2019,8.329764189014949,16.183123833442203,91.203,18.257,-0.27688515186309814
JOR,2020,8.335698748552389,16.20107815626611,91.418,16.801,-0.2684018313884735
JOR,2021,8.299544549301578,16.219420072535417,91.626,19.213,-0.31256645917892456
JOR,2022,8.338903491736291,16.236435242819674,91.827,19.837,-0.2344309538602829
JPN,2019,10.590393625293084,18.65680369721463,91.698,2.467,1.0198123455047607
JPN,2020,10.60697995539892,18.65386175103713,91.782,2.351,1.0261452198028564
JPN,2021,10.597352829520016,18.649262226879053,91.867,2.809,1.0155017375946045
JPN,2022,10.598995942733442,18.644823707687568,91.955,2.828,1.0326372385025024
KAZ,2019,9.156146588209845,16.770918369458208,57.54,4.85,-0.16803734004497528
KAZ,2020,9.154523825889365,16.785007525838584,57.671,4.8,-0.2575668394565582
KAZ,2021,9.080403423348137,16.798340098110703,57.821,4.89,-0.23223072290420532
KAZ,2022,9.208699129451098,16.81297178601468,57.99,5.546,-0.46835383772850037
KEN,2019,7.515591139521756,17.751305303329204,27.507,4.284,-1.1057634353637695
KEN,2020,7.580907938995523,17.77092506669569,27.995,5.014,-1.0072400569915771
KEN,2021,7.564064492338477,17.789929152590577,28.493,5.619,-1.0324374437332153
KEN,2022,7.631119404818203,17.809158913411224,29.002,5.693,-0.9472808837890625
KGZ,2019,7.157361819229084,15.701095924175526,36.591,3.67,-0.2655680775642395
KGZ,2020,7.259819100546614,15.721579778715503,36.856,4.295,-0.4557925760746002
KGZ,2021,7.114377230019126,15.73993788040733,37.146,4.63,-0.4664672315120697
KGZ,2022,7.207857876249317,15.757874426392927,37.461,4.096,-0.471610426902771
KHM,2019,7.61907325399837,16.61773720552888,23.805,0.13,-0.07548864930868149
KHM,2020,7.707906298889182,16.63244350438415,24.232,0.119,-0.20906595885753632
KHM,2021,7.640958949504581,16.647211288008272,24.668,0.172,-0.1315222531557083
KHM,2022,7.681285067282273,16.660520169318875,25.114,0.396,-0.09802304208278656
KIR,2019,7.556291051432739,11.727399544780592,54.835,,1.1214336156845093
KIR,2020,7.467941029538861,11.74482259170745,55.594,,1.1575924158096313
KIR,2021,7.468389017033518,11.762726526466855,56.335,,1.137224555015564
KIR,2022,7.706184704942429,11.778890929633196,57.058,,1.1038483381271362
KNA,2019,10.038952521360745,10.75688108223817,30.799,,0.7008935213088989
KNA,2020,10.068810969513013,10.755133090916752,30.843,,0.9295788407325745
KNA,2021,9.844746541902841,10.752847570927493,30.906,,0.9496698975563049
KNA,2022,9.81799202441896,10.751692144575056,30.991,,0.9380820989608765
KOR,2019,10.417722047999781,17.76222136455961,81.43,3.824,0.5471979379653931
KOR,2020,10.370437050944272,17.76360005722208,81.414,3.746,0.6083378791809082
KOR,2021,10.364743624285717,17.762312484067333,81.414,3.931,0.6290457248687744
KOR,2022,10.466683281926754,17.760437618400346,81.427,3.639,0.5799767374992371
KSV,2019,,,,,-0.34861594438552856
KSV,2020,,,,,-0.27922073006629944
KSV,2021,,,,,-0.1135728657245636
KSV,2022,,,,,-0.19884523749351501
KWT,2019,10.375612753685516,15.306686420032761,100.0,2.204,0.17517338693141937
KWT,2020,10.364320312193465,15.297175778865604,100.0,2.251,0.22523225843906403
KWT,2021,10.136029819306689,15.288180990143045,100.0,3.557,0.263065904378891
KWT,2022,10.434663720757353,15.339312801234103,100.0,3.002,0.29189202189445496
LAC,2019,9.044073401975186,20.166940069204344,80.36738654631174,8.062001873597438,
LAC,2020,9.019963422929022,20.175242727255238,80.62999454810185,8.090688680970402,
LAC,2021,8.838171981431744,20.18178207010178,80.88943146141727,10.21771635507834,
LAC,2022,8.981601362007796,20.188230888037854,81.14426105100576,9.180661028976726,
LAO,2019,7.841928184312483,15.794805191705837,35.645,2.9,0.5303522348403931
LAO,2020,7.859150884918688,15.809739059222984,36.29,2.537,0.6939486861228943
LAO,2021,7.857007679672131,15.824153223311725,36.939,2.361,0.7125384211540222
LAO,2022,7.834412512597467,15.838250390322305,37.592,2.066,0.7894513607025146
LBN,2019,9.124187171598292,15.572435971904751,88.758,10.745,-1.6723570823669434
LBN,2020,9.094467017901259,15.556397346088994,88.925,11.301,-1.6211754083633423
LBN,2021,8.623567693326915,15.559150987768296,89.093,13.284,-1.4820048809051514
LBN,2022,8.305329262961486,15.563751518398625,89.262,12.669,-1.4225754737854004
LBR,2019,6.539879448859046,15.433654661293655,51.615,3.056,-0.34100890159606934
LBR,2020,6.489454415050458,15.454402995358572,52.089,3.068,-0.3091152608394623
LBR,2021,6.424525151184561,15.475512869206073,52.573,4.109,-0.2860034704208374
LBR,2022,6.504237431445681,15.496951686248599,53.065,3.845,-0.2672712504863739
LBY,2019,9.323364143041239,15.754400839589696,80.393,18.836,-2.5658981800079346
LBY,2020,9.206653071315426,15.76788533762316,80.691,19.05,-2.46235728263855
LBY,2021,8.802422975342925,15.78054733557197,80.994,19.613,-2.308474063873291
LBY,2022,8.50427569331958,15.792892380359149,81.302,19.641,-2.19370174407959
LCA,2019,9.362434521975729,12.087632519036884,18.754,19.329,0.9066039323806763
LCA,2020,9.375351270392,12.090942338276543,18.841,15.613,0.8647311329841614
LCA,2021,9.037304539018853,12.09246712190698,18.94,25.224,0.8320148587226868
LCA,2022,9.2552307633171,12.09391687209303,19.05,20.514,1.033623218536377
LCN,2019,9.10853336653351,20.27848131113383,80.84886799586049,7.932470904401236,
LCN,2020,9.085936094121456,20.285532129204846,81.08779692568868,8.000433574947005,
LCN,2021,8.915337763411106,20.291304523739797,81.32722807678581,10.21428158712633,
LCN,2022,9.05923045735778,20.297248156753756,81.56491535645569,9.157520461265182,
LDC,2019,6.977630963932827,20.779658943457843,34.20249209698375,4.887023550730103,
LDC,2020,7.006863991137679,20.803588012026832,34.740922878531336,4.886146553790232,
LDC,2021,6.9927441115250195,20.82688257430621,35.28907286912928,5.639128798620339,
LDC,2022,7.05749282517651,20.8495333146042,35.84971357752923,5.753024165848413,
LIC,2019,6.472598808549088,20.116261458440743,35.74482542301664,5.541300636516653,
LIC,2020,6.484545075712258,20.144595027492954,36.19183889138678,5.525978678530714,
LIC,2021,6.41011690936475,20.171751227175253,36.6549434168564,6.114632525362468,
LIC,2022,6.4667189062111206,20.198140957715026,37.14203805829287,6.1486767927545545,
LIE,2019,12.07247710846813,10.56004854652803,14.371,,1.5976498126983643
LIE,2020,12.02519707861886,10.568775236216993,14.416,,1.6692181825637817
LIE,2021,12.011705391068444,10.575972736647978,14.471,,1.5956846475601196
LIE,2022,12.21574982192697,10.583878719994873,14.538,,1.642753005027771
LKA,2019,8.379897226601495,16.897558132970186,18.585,4.318,-0.21553660929203033
LKA,2020,8.314329537609215,16.902864398565487,18.713,4.67,-0.08912885189056396
LKA,2021,8.255205214152499,16.91361889813513,18.86,5.364,-0.37677302956581116
LKA,2022,8.293289951649086,16.914746624532928,19.026,4.981,-0.8043068051338196
LMC,2019,7.639525584906619,21.79779623459576,38.94832919529998,6.12454592460654,
LMC,2020,7.675060627725398,21.811288538667373,39.43697279287626,5.631349754875584,
LMC,2021,7.629701069914402,21.823956972314615,39.93772202403249,6.674717298476009,
LMC,2022,7.7417279095593585,21.836227471876512,40.45163752488818,6.023665847977217,
LMY,2019,8.486087041677864,22.554862692767387,50.49108802680354,6.000988752515057,
LMY,2020,8.497892712987422,22.566070571722072,51.035869211508846,5.860904624535266,
LMY,2021,8.455002318744604,22.576221661461343,51.57273522218027,6.690896715080794,
LMY,2022,8.609940949305722,22.58552605845976,52.10064179984907,6.226029711626614,
LSO,2019,7.065319295622887,14.608233806475594,28.585,16.625,-0.42798033356666565
LSO,2020,6.986619200876161,14.62007701277991,29.028,16.876,-0.2535129487514496
LSO,2021,6.822831805265041,14.631557439472,29.48,18.399,-0.21322493255138397
LSO,2022,6.972218581041696,14.642362241164339,29.943,18.23,-0.2927369177341461
LTE,2019,9.206298766716932,21.560151580460836,63.218154758504966,5.03976185510265,
LTE,2020,9.22149802216924,21.563306780923874,64.03296966318617,5.185184720540277,
LTE,2021,9.197208545679773,21.565026771957463,64.81815587396383,5.918844427461473,
LTE,2022,9.372070075664732,21.566609738157993,65.6035316403987,5.495153626959386,
LTU,2019,9.865122513103076,14.849082510717947,67.855,6.147,0.7706235647201538
LTU,2020,9.883733438185494,14.84882634941462,68.046,6.255,0.9214769601821899
LTU,2021,9.92469349941174,14.848118362607208,68.249,8.487,0.809846818447113
LTU,2022,10.08039696863115,14.85636625391912,68.465,7.112,0.6530325412750244
LUX,2019,11.669303031391735,13.3374763699232,91.223,5.589,1.3333135843276978
LUX,2020,11.632454966308753,13.354139956665527,91.453,5.592,1.2124823331832886
LUX,2021,11.668732157186268,13.369323450336188,91.672,6.766,1.1940795183181763
LUX,2022,11.81277680640821,13.38949012935746,91.881,5.571,1.0643900632858276
LVA,2019,9.755693272097359,14.464612847715298,68.222,7.412,0.4268704354763031
LVA,2020,9.75817128512259,14.457600732007965,68.315,6.312,0.4621817469596863
LVA,2021,9.773619849251704,14.449167785227914,68.421,8.098,0.6734402179718018
LVA,2022,9.916497000450972,14.446454089450157,68.54,7.513,0.48640912771224976
MAC,2019,11.33573254038805,13.418013619505286,100.0,1.834,1.2154215574264526
MAC,2020,11.314080536115263,13.437757888422645,100.0,1.749,1.13755202293396
MAC,2021,10.51803125879759,13.433517806041252,100.0,2.566,1.0290210247039795
MAC,2022,10.722745542743208,13.425869585202996,100.0,2.229,1.122702717781067
MAF,2019,,10.441938070914238,,,
MAF,2020,9.85393271906782,10.366781220256765,,,
MAF,2021,,10.307651814911244,,,
MAF,2022,9.983609061387579,10.27055827265698,,,
MAR,2019,8.161003272133136,17.40487068121338,62.994,9.271,-0.3458053767681122
MAR,2020,8.162829191260244,17.41512722984946,63.532,9.194,-0.3595232367515564
MAR,2021,8.091942719534753,17.425196414641857,64.065,11.223,-0.40256267786026
MAR,2022,8.239048501014024,17.435282776909126,64.596,10.576,-0.3621191382408142
MCO,2019,12.145782769668632,10.54820575369157,100.0,,1.5773667097091675
MCO,2020,12.174307356871067,10.546656363289832,100.0,,1.177310585975647
MCO,2021,12.083294014418229,10.55911457318215,100.0,,1.1726552248001099
MCO,2022,12.318612466016138,10.56954612740534,100.0,,1.1870324611663818
MDA,2019,8.332416580136679,14.795423391191633,42.726,1.196,-0.3872883915901184
MDA,2020,8.390571399652002,14.784443074604004,42.849,1.466,-0.34011128544807434
MDA,2021,8.383839815643467,14.76940877936901,42.998,1.186,-0.20529724657535553
MDA,2022,8.57065922985615,14.743197703322801,43.173,0.785,-0.6590701937675476
MDG,2019,6.215522051697947,17.155525699870005,37.861,2.297,-0.3139573037624359
MDG,2020,6.214245708011786,17.181203586909763,38.534,2.469,-0.5093347430229187
MDG,2021,6.110960814791713,17.206357323002933,39.207,3.284,-0.5422626733779907
MDG,2022,6.1809881554042505,17.231178106620195,39.882,3.487,-0.48079660534858704
MDV,2019,9.343408993775304,13.097519303344248,40.238,4.95,0.027658289298415184
MDV,2020,9.37078029609233,13.126590430812605,40.669,4.562,0.363029807806015
MDV,2021,8.908409080469653,13.154160449548877,41.102,5.434,0.5347597002983093
MDV,2022,9.227801424881184,13.169449232921636,41.536,5.024,0.6450027823448181
MEA,2019,8.614239887667345,20.4258222259924,54.14250703597648,8.540163589798516,
MEA,2020,8.588860592533129,20.444087876479887,54.407438485423526,8.33464243815053,
MEA,2021,8.456980205296587,20.458751248488543,54.59282258001664,9.214422511702264,
MEA,2022,8.626096561276116,20.477811958333024,54.96648530933175,9.02712223286196,
MEX,2019,9.21878399954636,18.64990959819611,80.444,3.275,-0.8418691754341125
MEX,2020,9.246629422630928,18.658114139371747,80.731,3.477,-0.7914557456970215
MEX,2021,9.087185895428775,18.664788193125055,81.016,4.44,-0.6876158714294434
MEX,2022,9.241262387590684,18.672319363011095,81.3,4.019,-0.6892681121826172
MHL,2019,8.488406973507587,10.692103991155873,77.417,,1.172306776046753
MHL,2020,8.574015743698697,10.66209470456786,77.794,,0.9824131727218628
MHL,2021,8.641526791577107,10.630238740509851,78.162,,0.9341745376586914
MHL,2022,8.741713704211914,10.598557882657921,78.52,,1.0159205198287964
MIC,2019,8.564217751560898,22.46353343873926,51.90171129332602,6.034827151331057,
MIC,2020,8.577432515547711,22.473088123570008,52.482758415132494,5.886047407967245,
MIC,2021,8.536355594996788,22.481566626244202,53.05422329628024,6.735318730000017,
MIC,2022,8.693831991537415,22.489158760310655,53.61436344331951,6.232037254232601,
MKD,2019,8.811948577001,14.444792057645532,58.208,21.208,0.00814169179648161
MKD,2020,8.81267351824232,14.434001000441398,58.482,17.414,0.1120605394244194
MKD,2021,8.803814177721337,14.42370641997454,58.786,16.575,0.062484078109264374
MKD,2022,8.93863701973987,14.420761606617999,59.118,15.801,0.18083928525447845
MLI,2019,6.904128000491313,16.863285082867517,43.136,1.62,-2.214308738708496
MLI,2020,6.879303661782197,16.893460219014454,43.909,3.29,-2.1463520526885986
MLI,2021,6.859869795920841,16.924063798672503,44.677,3.528,-2.3329358100891113
MLI,2022,6.934663438998205,16.954158057933128,45.437,3.966,-2.560743570327759
MLT,2019,10.415780132303745,13.130156928633994,94.678,3.658,1.013645052909851
MLT,2020,10.386589953790194,13.1528731836089,94.744,3.616,0.9984779953956604
MLT,2021,10.368277501090047,13.158020054612363,94.81,4.347,0.8875144720077515
MLT,2022,10.547059812683587,13.182730083610451,94.875,3.394,0.9110143184661865
MMR,2019,7.168744061914512,17.779000389722434,30.852,0.767,-1.330501675605774
MMR,2020,7.262621267229978,17.786114158785928,31.141,0.407,-1.5117404460906982
MMR,2021,7.306676915521704,17.793079739175482,31.448,1.476,-2.0840792655944824
MMR,2022,7.125058886327109,17.79998048676813,31.771,4.34,-2.195713996887207
MNA,2019,7.933734641558665,20.33832514999032,51.06492703226756,9.28717424735234,
MNA,2020,7.8914692898871275,20.355865043331796,51.311662676976816,9.068633588618203,
MNA,2021,7.775454505326648,20.372940409239643,51.58272885333186,9.849293763900151,
MNA,2022,7.908214816401598,20.38990088750424,51.89478372838279,9.717982295065267,
MNE,2019,9.081470272472995,13.34830780260661,67.15,15.19,0.05806864798069
MNE,2020,9.087323257190063,13.34804769822829,67.488,15.128,-0.06119713932275772
MNE,2021,8.937563786596684,13.345591725123223,67.826,17.878,-0.052444636821746826
MNE,2022,9.146067287303225,13.343249983733196,68.164,16.543,-0.1408814787864685
MNG,2019,8.320604635742098,14.999588668756065,68.543,5.377,0.6367509365081787
MNG,2020,8.377366850691757,15.017642869622186,68.657,9.269,0.7178365588188171
MNG,2021,8.294362573827419,15.034492460136146,68.785,6.594,0.7059187889099121
MNG,2022,8.415739651399244,15.049162933937865,68.93,7.747,0.5299543738365173
MNP,2019,10.185253264214499,10.781640185019185,91.708,,
MNP,2020,10.10629227348246,10.769074290035578,91.798,,
MNP,2021,9.810321176491131,10.757455972332892,91.89,,
MNP,2022,9.875885157085532,10.738090891650067,91.983,,
MOZ,2019,6.2490235545253645,17.212846493831545,36.528,3.604,-0.7657200694084167
MOZ,2020,6.252082192727562,17.242495497261075,37.074,3.646,-1.28312349319458
MOZ,2021,6.136503576958185,17.272073265362838,37.628,3.921,-1.2570362091064453
MOZ,2022,6.2342299828668395,17.301546697075413,38.187,4.053,-1.265608310699463
MRT,2019,7.451784678388346,15.312386083409804,54.507,10.407,-0.5629211664199829
MRT,2020,7.477079620664375,15.341595339314695,55.327,10.416,-0.7009499669075012
MRT,2021,7.493186168816711,15.370465673899785,56.133,11.054,-0.555513858795166
MRT,2022,7.574450256494499,15.399761320544606,56.923,11.144,-0.5169493556022644
MTQ,2019,,,,,0.7522661089897156
MTQ,2020,,,,,0.6042508482933044
MTQ,2021,,,,,0.6303339004516602
MTQ,2022,,,,,0.6410870552062988
MUS,2019,9.362499979180026,14.051361033274834,40.766,6.426,0.8020082116127014
MUS,2020,9.341653925881992,14.051383940076931,40.76,6.331,0.8730455040931702
MUS,2021,9.106206091345923,14.051636669955844,40.775,8.626,0.8325955867767334
MUS,2022,9.112614306518125,14.048622657787492,40.81,7.719,0.8300235867500305
MWI,2019,6.278902540437449,16.761303987869095,17.174,5.014,-0.28681960701942444
MWI,2020,6.3645610935429975,16.78766136138041,17.427,4.966,-0.1188865527510643
MWI,2021,6.401100077198332,16.813602944259873,17.695,5.728,-0.10926304012537003
MWI,2022,6.425594078335839,16.839282422089504,17.98,5.662,-0.15798327326774597
MYS,2019,9.29668337523604,17.325281168988454,76.607,3.3,0.14648012816905975
MYS,2020,9.298368809948007,17.338617501302846,77.16,3.26,0.12586469948291779
MYS,2021,9.206083952961045,17.350142631742276,77.696,4.54,0.05955654755234718
MYS,2022,9.296803499275512,17.362120351755113,78.214,4.64,0.16311781108379364
NAC,2019,11.022363078536038,19.723345718156168,82.36215870150536,4.107214299191477,
NAC,2020,11.055748027019805,19.728123275521803,82.55365468913229,3.890566885067,
NAC,2021,11.039116884627877,19.730105594147112,82.75003865417622,8.230599907151527,
NAC,2022,11.147828206291763,19.73713724453974,82.94790101963014,5.592109799820869,
NAM,2019,8.577084958235247,14.79025659568361,51.042,19.877,0.5288904905319214
NAM,2020,8.462086536853176,14.819358584454578,52.033,19.921,0.5124315619468689
NAM,2021,8.263226920663014,14.848890040090025,53.005,21.004,0.5187892913818359
NAM,2022,8.392272748050816,14.876650098231542,53.956,20.922,0.5598857402801514
NCL,2019,10.460325109846162,12.555341229974847,71.104,11.702,
NCL,2020,10.41665051909401,12.557349043507108,71.518,10.88,
NCL,2021,10.412421305772199,12.56099505467653,71.925,13.558,
NCL,2022,10.471965508206903,12.567665974359825,72.325,11.54,
NER,2019,6.3605561467728275,16.948730755489738,16.517,0.535,-1.4050064086914062
NER,2020,6.330952418467333,16.98172849465228,16.626,0.531,-1.6672077178955078
NER,2021,6.362187225546873,17.01427101863921,16.751,0.594,-1.5385499000549316
NER,2022,6.41136239960404,17.046788082861212,16.894,0.78,-1.4643923044204712
NGA,2019,7.629431336223451,19.16016575559806,51.157,5.067,-1.933154821395874
NGA,2020,7.725398560351122,19.181468727032495,51.958,5.206,-1.8920146226882935
NGA,2021,7.610683005320323,19.20243059555504,52.746,5.742,-1.7873846292495728
NGA,2022,7.609502802747714,19.22335876426788,53.521,5.45,-1.77890145778656
NIC,2019,7.618332418356371,15.684795260993692,58.76,5.2,-0.9925007224082947
NIC,2020,7.5799956856936745,15.697303735112891,59.012,5.472,-0.5857194662094116
NIC,2021,7.569642440536608,15.709336272695682,59.277,6.201,-0.47197532653808594
NIC,2022,7.66780656393054,15.722182873719758,59.556,6.118,-0.3585117757320404
NIU,2019,,,,,1.3627032041549683
NIU,2020,,,,,1.357103943824768
NIU,2021,,,,,1.3167771100997925
NIU,2022,,,,,1.3773585557937622
NLD,2019,10.895907071956978,16.66880757401829,91.876,3.832,0.8213249444961548
NLD,2020,10.888462588946103,16.674362981920844,92.236,3.379,0.8309333920478821
NLD,2021,10.886837271653587,16.67959788700253,92.572,3.82,0.8930591940879822
NLD,2022,11.004463513713938,16.689130676231077,92.886,4.209,0.7267995476722717
NOR,2019,11.324096895952724,15.492213770492821,82.616,3.801,1.142112135887146
NOR,2020,11.244138273916175,15.498101343733252,82.974,3.684,1.2216057777404785
NOR,2021,11.132250790570772,15.503449066552001,83.323,4.424,1.0886263847351074
NOR,2022,11.441138255583216,15.512433018758106,83.664,4.359,0.8612392544746399
NPL,2019,7.072590191637625,17.162394791822408,20.153,10.559,-0.45365965366363525
NPL,2020,7.09269253440511,17.181653102482993,20.576,10.389,-0.17822878062725067
NPL,2021,7.0511758905037025,17.19905334365822,21.008,12.975,-0.18770962953567505
NPL,2022,7.133097026348015,17.207177199399467,21.451,12.186,-0.23919688165187836
NRU,2019,9.342131041868214,9.357639058997062,100.0,,0.795099675655365
NRU,2020,9.285153595334732,9.362460420037015,100.0,,0.7780006527900696
NRU,2021,9.277597007893041,9.368113055848724,100.0,,0.7894214391708374
NRU,2022,9.61511622560805,9.375939552625749,100.0,,0.877918004989624
NZL,2019,10.674916127272361,15.420779793526155,86.615,4.335,1.4169535636901855
NZL,2020,10.663807979117863,15.44282768048561,86.699,4.109,1.4683537483215332
NZL,2021,10.64186906678741,15.446964332956014,86.789,4.595,1.3944965600967407
NZL,2022,10.81354888461618,15.448098430297074,86.884,3.776,1.321169137954712
OED,2019,10.585047512676864,21.03380111350868,80.8158684349034,5.476703716154992,
OED,2020,10.589560107209602,21.037585941846263,81.03276533246296,5.388357605412105,
OED,2021,10.563723483387106,21.039398165147503,81.25131482852639,7.150567538991927,
OED,2022,10.67242859446427,21.044695125789797,81.46567729548357,6.193192458482723,
OMN,2019,9.898563527609,15.339660915863616,85.443,1.8,0.5892567038536072
OMN,2020,9.861633067643593,15.32457483290145,86.276,2.04,0.41977953910827637
OMN,2021,9.728232751085102,15.319682172524136,87.044,2.94,0.4319852888584137
OMN,2022,9.873206680490004,15.369483539453531,87.75,1.9,0.5322492122650146
OSS,2019,9.471191379586251,16.323637761786145,54.86028625937325,8.75857755591488,
OSS,2020,9.462744876301594,16.33460387711138,55.07963034026712,8.326514859037147,
OSS,2021,9.369815632623565,16.344584719782823,55.271772715976034,9.92399055106642,
OSS,2022,9.523065474808726,16.357034201902884,55.5597027670278,9.442126396606392,
PAK,2019,7.358409246570279,19.257065987737946,36.907,4.083,-2.2517430782318115
PAK,2020,7.2373589162736565,19.275103501868067,37.165,4.83,-1.7926949262619019
PAK,2021,7.15336250372463,19.293971281584078,37.44,6.127,-1.7137354612350464
PAK,2022,7.282980553274667,19.311451255563377,37.731,6.338,-1.8398263454437256
PAN,2019,9.689757513994707,15.258823045306487,68.059,5.161,0.29094579815864563
PAN,2020,9.70977577042962,15.27255714200436,68.414,6.256,0.23550337553024292
PAN,2021,9.49480935057307,15.284629522924675,68.775,14.663,0.3072070777416229
PAN,2022,9.64922780676868,15.297290765276427,69.141,10.177,0.28922122716903687
PER,2019,8.85058801415107,17.295189521684925,78.099,3.492,-0.16362261772155762
PER,2020,8.858938364061398,17.307114571210363,78.297,3.379,-0.3577229380607605
PER,2021,8.72149238168389,17.316730694753694,78.5,7.179,-0.3552529513835907
PER,2022,8.828523803234523,17.326322533847247,78.708,5.097,-0.487095445394516
PHL,2019,8.06101684036853,18.523279596727264,47.149,2.338,-0.9280606508255005
PHL,2020,8.131762888846076,18.53473473758825,47.408,2.237,-0.7787042856216431
PHL,2021,8.079487631282426,18.543791340697403,47.684,2.522,-0.984022319316864
PHL,2022,8.156047106472293,18.551396132857555,47.977,3.398,-0.6552685499191284
PLW,2019,9.692626172312861,9.786841370416807,80.47,,1.1717981100082397
PLW,2020,9.670369144840448,9.78650419705031,80.988,,1.1660966873168945
PLW,2021,9.585798900747088,9.785998223743661,81.483,,1.1723915338516235
PLW,2022,9.492296556825012,9.784647708654596,81.956,,1.0839942693710327
PNG,2019,7.85024708021704,16.078211757949884,13.25,2.635,-0.706948459148407
PNG,2020,7.853904861827812,16.09949838891747,13.345,2.634,-0.6533865332603455
PNG,2021,7.7954865835645135,16.119384420138445,13.456,2.883,-0.5784638524055481
PNG,2022,7.866177337424975,16.138208916276024,13.582,3.003,-0.6593674421310425
POL,2019,9.658750696521178,17.452187752074973,60.037,3.835,0.5507165193557739
POL,2020,9.672470716417932,17.440271349454385,60.043,3.267,0.4916194975376129
POL,2021,9.689732856468032,17.425929940957836,60.075,3.155,0.49190354347229004
POL,2022,9.83282411936186,17.42159923399901,60.134,3.268,0.5051464438438416
PRE,2019,7.272352355887644,20.695177531084912,41.984236231609295,5.351386026779228,
PRE,2020,7.297512239800535,20.721889150748684,42.52664981566576,5.423094637193185,
PRE,2021,7.185924076724524,20.747919729762792,43.078935022666585,5.960077686280163,
PRE,2022,7.253264479824173,20.773199681150153,43.64187013675173,5.823475559305223,
PRI,2019,10.331363589032032,15.010248148679745,93.576,9.2,0.1426609456539154
PRI,2020,10.368181123950293,15.003838619001607,93.581,8.3,0.43535497784614563
PRI,2021,10.35542627308431,14.998069002851294,93.592,8.89,0.48809120059013367
PRI,2022,10.39265237975787,14.984934463199362,93.61,7.9,0.542631983757019
PRK,2019,,17.075053434149652,62.134,2.757,-0.2868788540363312
PRK,2020,,17.078836169749184,62.381,2.782,-0.3786787688732147
PRK,2021,,17.082510954115527,62.642,2.948,-0.4772700071334839
PRK,2022,,17.086175664198144,62.916,3.0,-0.4308110177516937
PRT,2019,10.066504812416666,16.146319873724327,65.764,6.994,1.0517518520355225
PRT,2020,10.05806797845231,16.147371014976795,66.31,6.464,1.0087311267852783
PRT,2021,10.012315248850163,16.153639516631124,66.849,6.801,0.937390148639679
PRT,2022,10.1150220186755,16.160612081111356,67.381,6.577,0.7958025932312012
PRY,2019,8.741687816244973,15.689626671034071,61.879,6.217,-0.018012775108218193
PRY,2020,8.669258612113062,15.703146561739041,62.183,6.595,0.01671776734292507
PRY,2021,8.58773966744731,15.715254397530783,62.496,7.548,-0.0009379322873428464
PRY,2022,8.69566263800118,15.726602084716848,62.818,7.311,0.035549312829971313
PSE,2019,8.178170368770914,15.359941786356318,76.44,26.256,
PSE,2020,8.20435966196225,15.38480728574115,76.719,25.34,
PSE,2021,8.08134164792549,15.409377672268906,77.003,25.895,
PSE,2022,8.210297216936711,15.433633050031293,77.291,26.39,
PSS,2019,8.353681681482447,14.758893362883152,38.60802668243627,3.2756336073595205,
PSS,2020,8.335748340492245,14.76929821042232,38.81851163773607,3.213943249251173,
PSS,2021,8.20688077715866,14.78077924589767,39.038081094103084,3.1793712771021947,
PSS,2022,8.202354736255616,14.792350238203465,39.271468678476936,3.1837772875444443,
PST,2019,10.726089978496672,20.832037473410857,81.47494962684613,5.296925643264017,
PST,2020,10.733456934060348,20.833934985246568,81.66270374232069,4.941201275490788,
PST,2021,10.711912043575023,20.833562674594624,81.84936028331995,6.727514681484474,
PST,2022,10.820218965753568,20.83474150021804,82.07387868853857,5.803617308614721,
PYF,2019,9.995410914630735,12.539088917177997,61.897,11.572,
PYF,2020,9.97964221329609,12.539715884307839,61.975,11.565,
PYF,2021,9.90181033931935,12.541801748953441,62.066,12.951,
PYF,2022,9.998020334529672,12.543893971720681,62.17,12.531,
QAT,2019,11.170996252916261,14.785780633563377,99.188,0.11,0.6843701004981995
QAT,2020,11.110076452126203,14.843037788047544,99.235,0.1,0.6696060299873352
QAT,2021,10.852893965832388,14.733763363711958,99.278,0.14,0.8333917260169983
QAT,2022,11.180969378932048,14.792833546207667,99.318,0.14,0.9602493047714233
REU,2019,,,,,0.20966975390911102
REU,2020,,,,,0.19888904690742493
REU,2021,,,,,0.2263803631067276
REU,2022,,,,,0.2589302659034729
ROM,2019,,,,,0.5422559976577759
ROM,2020,,,,,0.508950412273407
ROM,2021,,,,,0.5817899107933044
ROM,2022,,,,,0.4311363101005554
ROU,2019,9.433664899408708,16.77932111178473,54.084,4.187,
ROU,2020,9.47209157244044,16.773813512859313,54.194,3.912,
ROU,2021,9.479015500672247,16.76635314807408,54.329,5.035,
ROU,2022,9.614924124499753,16.762499021274472,54.489,5.59,
RUS,2019,9.324729895762207,18.795365568981588,74.587,4.871,-0.5510887503623962
RUS,2020,9.345544217809904,18.79393354866331,74.754,4.513,-0.6674073934555054
RUS,2021,9.221114833282865,18.790496304564414,74.934,5.62,-0.7078983187675476
RUS,2022,9.427468208859434,18.78696787346078,75.126,4.749,-1.0059967041015625
RWA,2019,6.648691127521926,16.36308703083572,17.313,10.759,0.056992288678884506
RWA,2020,6.697097717426748,16.385511519178735,17.432,11.236,0.06945648044347763
RWA,2021,6.657627787311293,16.4074208727006,17.568,11.829,0.07197348028421402
RWA,2022,6.72087717162877,16.4293255346239,17.721,15.775,0.08275245130062103
SAS,2019,7.59506864246377,21.196646872578828,34.3092492591791,7.27732361933033,
SAS,2020,7.6338824692185865,21.206354369852622,34.789155981995854,6.298187322905559,
SAS,2021,7.579271915609452,21.214777351943614,35.27937068230993,7.612795419685334,
SAS,2022,7.729172781089623,21.2228340724217,35.78532076364921,6.3149174406514295,
SAU,2019,10.28739072716928,17.21883231487594,84.065,6.029,-0.6240473985671997
SAU,2020,10.294407165395246,17.26716370004697,84.287,5.636,-0.6506378054618835
SAU,2021,10.099828326361589,17.242518073898243,84.508,7.66,-0.5923553705215454
SAU,2022,10.371012028894215,17.286707273349194,84.729,6.621,-0.35580629110336304
SDN,2019,6.594451031985538,17.634281115005894,34.936,12.303,-1.6962658166885376
SDN,2020,6.565230153600711,17.66116362757163,35.253,11.658,-1.6571065187454224
SDN,2021,6.3592195274420815,17.688104847808134,35.593,11.958,-1.9876741170883179
SDN,2022,6.568249258075882,17.7151237998125,35.956,11.044,-2.0769202709198
SEN,2019,7.281080128684836,16.609917154936138,47.653,3.455,0.03757640719413757
SEN,2020,7.266255458689258,16.63624751218863,48.122,2.863,-0.14310294389724731
SEN,2021,7.28693609751603,16.661632404128476,48.6,3.437,-0.17977111041545868
SEN,2022,7.376574938564034,16.686308832308825,49.086,3.44,-0.15759366750717163
SGP,2019,11.11067927114715,15.556602677211574,100.0,3.613,1.4804542064666748
SGP,2020,11.096683058288658,15.553483627599066,100.0,3.1,1.4385110139846802
SGP,2021,11.025329258042019,15.511780264597313,100.0,4.1,1.4425054788589478
SGP,2022,11.290483277952374,15.544866469841265,100.0,4.64,1.440372347831726
SLB,2019,7.7311437189805226,13.498258229872025,24.21,0.72,0.4971851706504822
SLB,2020,7.706912026038878,13.520465444735903,24.67,0.743,0.560446560382843
SLB,2021,7.632076953530619,13.54447712460504,25.128,0.864,0.5418747663497925
SLB,2022,7.599336117365151,13.568414932293557,25.584,0.884,0.41390562057495117
SLE,2019,6.740418338500137,15.86087695531589,42.484,3.192,-0.0569148063659668
SLE,2020,6.738211207539517,15.883961675581478,42.923,3.203,-0.302384614944458
SLE,2021,6.7404991635211555,15.906707977733232,43.372,3.508,-0.09697212278842926
SLE,2022,6.786934691124157,15.928967823968513,43.831,3.556,-0.09451320767402649
SLV,2019,8.338914541381255,15.643653064101878,72.746,4.006,-0.12022831290960312
SLV,2020,8.371037698314458,15.645636689850853,73.444,4.17,-0.11499223113059998
SLV,2021,8.29334759268367,15.649016714052815,74.118,5.008,-0.09149208664894104
SLV,2022,8.443031433726683,15.652931333332644,74.767,4.327,-0.3524748384952545
SMR,2019,10.77792842965,10.453428114630672,97.368,,1.2259713411331177
SMR,2020,10.749935313884963,10.456510225001907,97.499,,1.177310585975647
SMR,2021,10.701594711200924,10.441500236146082,97.62,,1.1726552248001099
SMR,2022,10.899863751039213,10.426883833475971,97.732,,1.1870324611663818
SOM,2019,6.23348049298703,16.590033096675104,45.554,18.738,-2.3864030838012695
SOM,2020,6.291372697237766,16.627992303364,46.141,18.828,-2.5814692974090576
SOM,2021,6.250331893891755,16.664564307141774,46.731,19.413,-2.7273385524749756
SOM,2022,6.308307422807486,16.69481558261752,47.324,19.662,-2.4296960830688477
SRB,2019,8.930608169730212,15.753566370891129,56.26,12.733,-0.07805154472589493
SRB,2020,8.956174695288947,15.746905294877921,56.446,10.395,-0.17075441777706146
SRB,2021,8.999460013979633,15.737468413182793,56.651,9.011,-0.08521146327257156
SRB,2022,9.177871722248542,15.71229783750987,56.873,9.843,-0.17406946420669556
SSA,2019,7.44354728451608,20.746475018088898,43.04870849125221,6.511441626850703,
SSA,2020,7.4414462647722335,20.772055351591824,43.59524968769169,6.672058259882688,
SSA,2021,7.342417389763087,20.79723544431388,44.1445513751237,7.137661197179591,
SSA,2022,7.438631734203307,20.821938002574043,44.69568894728469,7.343540219846893,
SSD,2019,,16.15956230164313,19.899,12.952,-2.518467664718628
SSD,2020,,16.185611018139824,20.199,12.709,-2.1917364597320557
SSD,2021,,16.20112895924774,20.514,14.319,-2.287328004837036
SSD,2022,,16.21532916179333,20.846,14.029,-2.213099956512451
SSF,2019,7.385687104133479,20.853693583991834,40.83295259706428,6.1063279750562645,
SSF,2020,7.388741429390042,20.87942773662872,41.36862978615413,6.267921210760103,
SSF,2021,7.300120721406773,20.904763658730484,41.90764314950828,6.803309525676999,
SSF,2022,7.390860808589844,20.929636362651213,42.44939693656855,6.987663395916696,
SST,2019,9.393477113506869,16.77528902022527,51.202840450795925,8.03500355150924,
SST,2020,9.389198496688126,16.784496157036433,51.40050172222831,7.691148422571483,
SST,2021,9.277932772588805,16.793412257446278,51.57036511379175,9.112836548731083,
SST,2022,9.422953793777445,16.803833651205434,51.81585576659788,8.720825383331544,
STP,2019,7.509663824385876,12.270886128862175,73.598,8.714,0.5006512999534607
STP,2020,7.568014109056194,12.28965523427143,74.354,8.831,0.48960068821907043
STP,2021,7.681200527517287,12.310256969745963,75.073,9.686,0.5852046012878418
STP,2022,7.767513022683011,12.329638925942284,75.755,9.6,0.4603588283061981
SUR,2019,8.80473652495258,13.314252353466339,66.095,7.693,0.08768051117658615
SUR,2020,8.799309969177019,13.32500540124852,66.149,7.556,0.41884395480155945
SUR,2021,8.467034456773764,13.33407543748871,66.219,8.76,0.34839215874671936
SUR,2022,8.523145120579768,13.342565005502998,66.307,8.491,0.3996891975402832
SVK,2019,9.881925334928214,15.511886794719723,53.729,6.544,0.6673688292503357
SVK,2020,9.873340614246928,15.512744489475873,53.76,5.761,0.6339817047119141
SVK,2021,9.890173605380971,15.510620901399763,53.82,6.719,0.6179190278053284
SVK,2022,10.004800059681948,15.507772291802878,53.909,6.894,0.4453357458114624
SVN,2019,10.161536678113812,14.551901597960658,54.822,5.108,0.8015859723091125
SVN,2020,10.158678795236376,14.558599144522308,55.118,4.446,0.7014679312705994
SVN,2021,10.142192006931193,14.561287664222007,55.427,4.971,0.7555853724479675
SVN,2022,10.28149133929323,14.563181908009335,55.751,4.744,0.7093350887298584
SWE,2019,10.900102312105147,16.145602543647346,87.708,6.365,1.0118863582611084
SWE,2020,10.854624954135216,16.152829582776178,87.977,6.833,0.9973767995834351
SWE,2021,10.871492865319274,16.158835498104573,88.238,8.291,1.0145080089569092
SWE,2022,11.021493365573706,16.165641326787558,88.492,8.722,0.910905122756958
SWZ,2019,8.287393398731325,13.980918211079477,23.981,26.369,-0.2743779122829437
SWZ,2020,8.272091934413389,13.991754516851529,24.171,28.138,-0.04054694622755051
SWZ,2021,8.147515279098256,14.003311243546477,24.369,32.944,-0.3460097908973694
SWZ,2022,8.285588604413993,14.013473317548064,24.576,34.153,-0.21046379208564758
SXM,2019,10.364334102552634,10.606213707876396,100.0,,
SXM,2020,10.459137473348102,10.621522448603852,100.0,,
SXM,2021,10.313970047084682,10.635158087766825,100.0,,
SXM,2022,10.390484618387791,10.648728956654207,100.0,,
SYC,2019,9.822290189334439,11.488888887141988,57.119,,0.6587868928909302
SYC,2020,9.859614652188395,11.497425965923277,57.546,,0.7018364667892456
SYC,2021,9.549770758059902,11.50547779983507,57.972,,0.7447369694709778
SYC,2022,9.614665573889855,11.694229837941414,58.396,,0.7625231146812439
SYR,2019,7.001306516604892,16.828765115709224,54.821,13.497,-2.730469226837158
SYR,2020,7.011700127380201,16.862383991834015,55.475,13.36,-2.7118477821350098
SYR,2021,6.34975993462439,16.8895381210379,56.124,15.191,-2.6596500873565674
SYR,2022,6.497701025395718,16.927343252371994,56.769,14.877,-2.7768983840942383
TCA,2019,10.361722722860375,10.672808427318916,93.36,,
TCA,2020,10.366608856157944,10.700679383382674,93.605,,
TCA,2021,9.937450044994453,10.719803241028794,93.834,,
TCA,2022,10.215714245239646,10.733065044791472,94.047,,
TCD,2019,6.855046910028916,16.630034035376468,23.279,1.135,-1.350451111793518
TCD,2020,6.794963264282223,16.66185373898643,23.52,1.084,-1.2552202939987183
TCD,2021,6.764978784531204,16.696296125922142,23.781,1.707,-1.389865517616272
TCD,2022,6.852621461542517,16.73086301703061,24.063,1.548,-1.470404863357544
TEA,2019,9.00409926834355,21.458649200710248,56.50710027161606,3.8185338900756016,
TEA,2020,9.033532411613496,21.463181814851605,57.42391142724328,3.91055814607334,
TEA,2021,9.046104705941444,21.466321937539767,58.31260383463843,4.382726439650651,
TEA,2022,9.21895104513871,21.468654895271403,59.17574357462391,4.139769791077852,
TEC,2019,9.092751613644356,19.951550652136454,66.45781573835525,6.6871219097506405,
TEC,2020,9.108798344493293,19.95356511133253,66.63776759141236,6.74270634130925,
TEC,2021,9.042700322085526,19.954157907671018,66.82703653884667,7.242965624589623,
TEC,2022,9.209138514477766,19.949490475023318,67.0058080559943,6.833363078537487,
TGO,2019,6.746565826387355,15.95122231359574,42.248,2.898,-0.9082576632499695
TGO,2020,6.716910285606083,15.975347052964171,42.8,2.036,-0.8906980752944946
TGO,2021,6.7494371845070615,15.999129553259934,43.358,2.225,-0.6957069635391235
TGO,2022,6.8454684861726145,16.022656642855985,43.921,2.333,-0.7880516052246094
THA,2019,8.86781858377543,18.08551944168111,50.692,0.765,-0.491406112909317
THA,2020,8.936652795236208,18.087184849626773,51.43,0.716,-0.5782704949378967
THA,2021,8.851612456264517,18.08838243237392,52.163,1.099,-0.5687798857688904
THA,2022,8.861804720802564,18.088493917828778,52.889,1.215,-0.3933393061161041
TJK,2019,6.7265791514281315,16.069951707943012,27.309,11.437,-0.5120598673820496
TJK,2020,6.769667663014971,16.092707071239,27.506,11.419,-0.5000745058059692
TJK,2021,6.726607092073161,16.114780963446474,27.726,12.321,-0.676811933517456
TJK,2022,6.798774945651387,16.13615381638882,27.968,12.333,-0.7409991025924683
TKM,2019,8.72014247572357,15.733013002011344,52.048,4.044,-0.178114116191864
TKM,2020,8.802076585628427,15.75423955559031,52.516,4.043,-0.20164081454277039
TKM,2021,8.793703308367258,15.774484009327624,52.998,4.501,-0.33197659254074097
TKM,2022,8.860953393439864,15.793776288107845,53.494,4.459,-0.11025793850421906
TLA,2019,9.091077398330041,20.25400961951886,80.84683325168264,8.033247204847326,
TLA,2020,9.065886368507782,20.261311359784973,81.0901657049533,8.104243491095335,
TLA,2021,8.887417468485236,20.26734278544788,81.33343209559244,10.352249454269945,
TLA,2022,9.033892595551263,20.273594600528664,81.57500580816458,9.273504640009431,
TLS,2019,7.10616833476609,14.078601481428079,30.947,3.778,
TLS,2020,7.353955709490042,14.09771741876326,31.32,3.097,
TLS,2021,7.396868516773247,14.115718108077253,31.695,2.782,
TLS,2022,7.895371581698194,14.129806566812892,32.074,2.344,
TMN,2019,7.931827078244143,20.331416153339518,50.88900371109778,9.184126519660351,
TMN,2020,7.888919083246207,20.348905071068778,51.13421150263429,8.967066562743444,
TMN,2021,7.7729522099056965,20.3659278918424,51.403842270102416,9.75371979626131,
TMN,2022,7.905729916552852,20.382836845685787,51.7147486556237,9.613146268323106,
TMP,2019,,,,,0.2430812269449234
TMP,2020,,,,,0.19739662110805511
TMP,2021,,,,,0.19239294528961182
TMP,2022,,,,,0.2562467157840729
TON,2019,8.44223208559544,11.568066845966431,23.107,2.248,1.0350251197814941
TON,2020,8.450379663114438,11.568398014094052,23.099,2.157,1.087378978729248
TON,2021,8.455413401299426,11.566371440675855,23.104,2.699,1.0793389081954956
TON,2022,8.499554472532786,11.562115549160987,23.125,2.111,1.0929051637649536
TSA,2019,7.59506864246377,21.196646872578828,34.3092492591791,7.27732361933033,
TSA,2020,7.6338824692185865,21.206354369852622,34.789155981995854,6.29818732290556,
TSA,2021,7.579271915609452,21.214777351943614,35.27937068230993,7.612795419685332,
TSA,2022,7.729172781089623,21.2228340724217,35.78532076364921,6.3149174406514295,
TSS,2019,7.385687104133479,20.853693583991834,40.832952597064285,6.106327975056263,
TSS,2020,7.388741429390043,20.87942773662872,41.36862978615412,6.267921210760103,
TSS,2021,7.300120721406773,20.904763658730484,41.90764314950829,6.803309525677002,
TSS,2022,7.390860808589844,20.929636362651213,42.44939693656856,6.987663395916698,
TTO,2019,9.774278478579381,14.125921120257628,53.187,3.498,0.08159055560827255
TTO,2020,9.75808442677337,14.127927925022366,53.214,3.523,0.11041408777236938
TTO,2021,9.639447869663645,14.128537225541566,53.265,4.206,0.23911073803901672
TTO,2022,9.78014302607715,14.12725455636053,53.34,4.446,0.3484237492084503
TUN,2019,8.1964653843225,16.289952728914347,69.254,15.459,-0.8770847320556641
TUN,2020,8.168733589827553,16.298252950770117,69.568,17.153,-0.5943257808685303
TUN,2021,8.174323553248167,16.304460854515224,69.888,17.656,-0.75655198097229
TUN,2022,8.270509549296639,16.31031258660056,70.214,16.611,-0.5945590734481812
TUR,2019,9.166266749064956,18.229271297096247,75.63,10.956,-1.3781816959381104
TUR,2020,9.12863567133594,18.23897515740978,76.105,13.73,-1.1438826322555542
TUR,2021,9.064011906526897,18.24807960643542,76.569,13.148,-1.136792778968811
TUR,2022,9.1843261962558,18.257925468880117,77.022,11.969,-1.032234787940979
TUV,2019,8.404275379928293,9.266815218904162,63.215,,1.1717981100082397
TUV,2020,8.539958241988996,9.249464926660233,64.014,,1.2212518453598022
TUV,2021,8.512404250942943,9.229554590899987,64.785,,1.267685055732727
TUV,2022,8.683568611846425,9.209540051805414,65.527,,1.1831034421920776
TWN,2019,,,,,0.7887747287750244
TWN,2020,,,,,0.755992591381073
TWN,2021,,,,,0.7678976058959961
TWN,2022,,,,,0.766374409198761
TZA,2019,6.930598633682338,17.89600787136854,34.5,2.393,-0.3884200155735016
TZA,2020,6.969153728155179,17.92593838825303,35.227,2.496,-0.48080766201019287
TZA,2021,7.018773514399859,17.95594978173468,35.954,2.781,-0.33555868268013
TZA,2022,7.056051627647344,17.985454447573986,36.682,2.821,-0.26034411787986755
UGA,2019,6.674770587391278,17.57670223176174,24.361,3.25,-0.6942639350891113
UGA,2020,6.711948585234258,17.6100364068687,24.954,3.06,-0.8110389113426208
UGA,2021,6.740243274039494,17.642213773044848,25.553,3.831,-0.9377586841583252
UGA,2022,6.783089292193123,17.672289717949116,26.159,3.422,-0.7110158205032349
UKR,2019,8.025860263854936,17.621227222805405,69.473,8.799,-1.4283761978149414
UKR,2020,8.194191064383034,17.615036845504527,69.608,8.194,-1.1639364957809448
UKR,2021,8.218724966904833,17.60646453476985,69.757,9.475,-1.1269840002059937
UKR,2022,8.471347306762913,17.530271332509532,69.919,9.834,-1.949324607849121
UMC,2019,9.054835277770723,21.7422037501539,65.60444513575914,5.962354785475753,
UMC,2020,9.065013934997573,21.747578785766553,66.39567753593299,6.093920604849262,
UMC,2021,9.02820749623293,21.75157232046439,67.16437695635422,6.786163326301051,
UMC,2022,9.200800596120919,21.754110355883864,67.9126119225171,6.408266781069886,
URY,2019,9.865263247126736,15.038463887046799,95.426,8.336,1.0282970666885376
URY,2020,9.815515625165808,15.03898241410025,95.515,8.836,1.054964303970337
URY,2021,9.665073980599555,15.038313458007293,95.603,10.413,1.0459717512130737
URY,2022,9.791539761736832,15.036609764630022,95.688,9.328,1.0858296155929565
USA,2019,11.048914501990415,19.61528851391572,82.459,3.896,0.11829857528209686
USA,2020,11.085643438086125,19.619372789583306,82.664,3.669,-0.027899732813239098
USA,2021,11.072892319200813,19.62094596367282,82.873,8.055,-0.01442465279251337
USA,2022,11.174755412062385,19.626703408877766,83.084,5.349,0.008700686506927013
UZB,2019,7.5027852632257135,17.310947880262404,50.433,5.389,-0.29663777351379395
UZB,2020,7.621383683644414,17.32963094741934,50.416,4.932,-0.4366980493068695
UZB,2021,7.589983321443541,17.34901304733752,50.427,5.293,-0.25293323397636414
UZB,2022,7.722464851622167,17.369112953808493,50.466,5.364,-0.20133601129055023
VCT,2019,9.039329816520814,11.553750659485363,52.614,18.984,0.9380796551704407
VCT,2020,9.075733458594575,11.547578067869651,53.032,19.235,1.0326236486434937
VCT,2021,9.030160908111283,11.540939385175411,53.452,20.636,1.0403109788894653
VCT,2022,9.064305887907024,11.533178970997472,53.875,20.341,1.033623218536377
VEN,2019,,17.180669554823986,88.24,5.46,-1.5385196208953857
VEN,2020,,17.16345050705543,88.279,5.876,-1.5518428087234497
VEN,2021,,17.15617298462314,88.325,7.53,-1.4549702405929565
VEN,2022,,17.15529402515048,88.378,7.037,-1.250806450843811
VGB,2019,,10.502186681552358,48.116,,
VGB,2020,,10.522315200103396,48.515,,
VGB,2021,,10.540302448505601,48.92,,
VGB,2022,,10.553701135710886,49.331,,
VIR,2019,10.509529044979063,11.577485860868546,95.832,12.407,1.0515190362930298
VIR,2020,10.561875828434546,11.573926486527627,95.939,12.551,1.0034422874450684
VIR,2021,10.591304908909136,11.569967205337425,96.04,15.191,0.47629314661026
VIR,2022,10.658930375317496,11.565641247142132,96.136,14.273,0.5297837257385254
VNM,2019,8.077853782339812,18.39201143879097,36.628,1.161,0.03998740389943123
VNM,2020,8.143488417802306,18.40128578174948,37.34,1.681,-0.03898906335234642
VNM,2021,8.170196839808145,18.409974617357538,38.052,2.103,-0.11778243631124496
VNM,2022,8.217220851151218,18.417482184009117,38.766,2.385,-0.04613209515810013
VUT,2019,8.072984392364296,12.584457710067928,25.394,5.326,1.0063645839691162
VUT,2020,8.073230418103108,12.607723823176357,25.525,5.444,0.8821618556976318
VUT,2021,8.020594915902752,12.630908915317594,25.665,4.046,0.9005046486854553
VUT,2022,8.074561734232995,12.654105423580244,25.816,4.766,0.9618620872497559
WBG,2019,,,,,-1.8894288539886475
WBG,2020,,,,,-2.0182392597198486
WBG,2021,,,,,-1.836923360824585
WBG,2022,,,,,-1.7019554376602173
WLD,2019,9.334938699711483,22.774604145200247,55.53151780755196,5.768459788347748,
WLD,2020,9.33933352468776,22.78442566430535,55.96237382616109,5.598562260829045,
WLD,2021,9.302297266912284,22.792765861094242,56.37527398010475,6.609206743895924,
WLD,2022,9.426947883805285,22.801506629014884,56.81571540261603,6.06455552633467,
WSM,2019,8.350386044097812,12.253814641515595,18.056,8.639,1.1633777618408203
WSM,2020,8.378377541535595,12.264077367816748,17.889,7.838,1.1478220224380493
WSM,2021,8.318659344551882,12.272698050110943,17.742,7.435,1.1079707145690918
WSM,2022,8.280874522921325,12.27960652435242,17.616,6.612,1.0965520143508911
XKX,2019,8.38575930967111,14.397106432742,,,
XKX,2020,8.392988945084246,14.397810531800939,,,
XKX,2021,8.368899810354012,14.395533272363068,,,
XKX,2022,8.569867166276374,14.385413819348141,,,
YEM,2019,6.451871024493487,17.37403664987542,37.273,17.584,-2.771014451980591
YEM,2020,6.435150137768167,17.402768691353995,37.908,17.202,-2.647733449935913
YEM,2021,6.327159116791599,17.430211306653717,38.546,17.953,-2.5804603099823
YEM,2022,6.257999930523852,17.458944742506333,39.188,18.287,-2.462735414505005
ZAF,2019,8.84132936961601,17.90296283956098,66.856,26.906,-0.2832210958003998
ZAF,2020,8.784730393193524,17.91918448270105,67.354,28.468,-0.2528672218322754
ZAF,2021,8.627052262917104,17.93459005708431,67.847,29.217,-0.7509814500808716
ZAF,2022,8.831039878219144,17.94872977988032,68.335,34.007,-0.6813863515853882
ZAR,2019,,,,,-1.6264235973358154
ZAR,2020,,,,,-1.786685585975647
ZAR,2021,,,,,-1.660624623298645
ZAR,2022,,,,,-1.9844896793365479
ZMB,2019,7.288859371528777,16.73402906444963,44.072,5.033,-0.11698965728282928
ZMB,2020,7.13806207166863,16.76307071381876,44.629,5.542,-0.13097919523715973
ZMB,2021,6.8581913480211325,16.791224137881436,45.192,6.033,0.05241379514336586
ZMB,2022,7.027457164670878,16.818860642179853,45.761,5.199,0.1613318771123886
ZWE,2019,7.728350858569162,16.541490260608427,32.21,6.793,-0.9433025121688843
ZWE,2020,7.428875611429956,16.55808378869584,32.242,7.373,-1.0527434349060059
ZWE,2021,7.456139029000408,16.575343900126228,32.303,8.621,-0.9544427394866943
ZWE,2022,7.452627061160931,16.59240599298888,32.395,9.54,-0.8949741125106812
