iso3,year,gdp
AFE,2019,989211118718.6342
AFW,2019,847528092552.9489
ARB,2019,2821809796874.481
CSS,2019,61072798241.07938
CEB,2019,1531945519358.0564
EAR,2019,11932031290613.305
EAS,2019,26630793196750.367
EAP,2019,17364521775909.602
TEA,2019,17343087272038.064
EMU,2019,12780480198723.914
ECS,2019,22440577561364.92
ECA,2019,1738238409533.0188
TEC,2019,4111022202772.412
EUU,2019,14877892247998.545
FCS,2019,1789168512110.4
HPC,2019,806474082221.8186
HIC,2019,54382479228802.695
IBD,2019,31309476640443.92
IBT,2019,33834794299488.16
IDB,2019,1242657423053.1094
IDX,2019,1281958081202.0886
IDA,2019,2524615504255.1978
LTE,2019,22818405877222.727
LCN,2019,5629536180649.08
LAC,2019,4743615766088.087
TLA,2019,5406902391048.507
LDC,2019,1114635778028.8074
LMY,2019,30689199023856.605
LIC,2019,391986214253.0657
LMC,2019,6234996041013.078
MEA,2019,3945641478438.196
MNA,2019,2016467655735.4507
TMN,2019,2000638655735.4504
MIC,2019,30296955972479.527
NAC,2019,21863085030606.555
INX,2019,
OED,2019,51872467619138.28
OSS,2019,144564658007.16165
PSS,2019,10188412296.843418
PST,2019,48598450393644.6
PRE,2019,1450231183785.0383
SST,2019,215825868545.0844
SAS,2019,3083030383495.941
TSA,2019,3083030383495.941
SSF,2019,1836739211271.5835
SSA,2019,1745197303952.829
TSS,2019,1836739211271.5828
UMC,2019,24061959931466.45
WLD,2019,85455326836784.83
AFG,2019,21118473702.34708
ALB,2019,13025007474.889467
DZA,2019,202300870247.9198
ASM,2019,628818320.610687
AND,2019,3008967036.9828906
AGO,2019,86262880684.94563
ATG,2019,1692541753.2914398
ARG,2019,571450737224.442
ARM,2019,12867495497.64695
ABW,2019,3229876351.253352
AUS,2019,1492847874023.8855
AUT,2019,413365268699.049
AZE,2019,53599371992.656975
BHS,2019,12281371357.681295
BHR,2019,36906448210.906425
BGD,2019,257958323968.6128
BRB,2019,5361210776.865459
BLR,2019,59040547744.603584
BEL,2019,494099718080.5685
BLZ,2019,2271360752.358222
BEN,2019,14179807374.684252
BMU,2019,6840850356.578485
BTN,2019,2651940022.257868
BOL,2019,38193230080.24631
BIH,2019,18679105433.99119
BWA,2019,16212015760.89989
BRA,2019,1819683217699.381
VGB,2019,
BRN,2019,13278735782.131914
BGR,2019,57196630543.614204
BFA,2019,15030172259.379076
BDI,2019,3207836406.8824778
CPV,2019,2116002110.927555
KHM,2019,33099747942.811
CMR,2019,37502066832.74033
CAN,2019,1696605090551.8445
CYM,2019,5434269977.079907
CAF,2019,1986909345.6139424
TCD,2019,15301773406.822191
CHI,2019,10700107561.567768
CHL,2019,261676645417.276
CHN,2019,14579283528148.377
COL,2019,321405606655.8417
COM,2019,1130604685.4108546
COD,2019,44487659679.01878
COG,2019,10590275024.737988
CRI,2019,64382494195.839294
CIV,2019,59010785540.985695
HRV,2019,57823926882.856575
CUB,2019,91020354637.14745
CUW,2019,2830872612.123547
CYP,2019,25246562822.682083
CZE,2019,217279912681.72952
DNK,2019,332088518944.1457
DJI,2019,3028726927.177009
DMA,2019,585432211.2404132
DOM,2019,88427452425.89441
ECU,2019,103544017315.43484
EGY,2019,398080548973.0524
SLV,2019,25779775126.59928
GNQ,2019,10051326714.932545
ERI,2019,
EST,2019,27307395871.06758
SWZ,2019,4415541767.2297125
ETH,2019,89640011617.7163
FRO,2019,2901879820.0439944
FJI,2019,5215934671.175656
FIN,2019,253433824168.59976
FRA,2019,2608036638906.12
PYF,2019,5944964791.600027
GAB,2019,15460241661.125923
GMB,2019,1677527292.2723289
GEO,2019,18510819818.49567
DEU,2019,3673343090742.6274
GHA,2019,62503939826.8611
GIB,2019,
GRC,2019,206033167050.89474
GRL,2019,2708402650.632366
GRD,2019,1134939081.0314412
GUM,2019,5959409099.181073
GTM,2019,70794725915.27773
GIN,2019,12075307751.683502
GNB,2019,1392924525.826957
GUY,2019,5071030135.731618
HTI,2019,15485274058.24296
HND,2019,24338200129.36719
HKG,2019,331813870172.85406
HUN,2019,148241697677.30377
ISL,2019,20729999825.04456
IND,2019,2689205295885.3105
IDN,2019,1049330233997.452
IRN,2019,435344072056.5437
IRQ,2019,201765390224.3961
IRL,2019,380522433254.0951
IMN,2019,7985161906.362434
ISR,2019,356792803355.8527
ITA,2019,1922107755078.161
JAM,2019,14934129304.137753
JPN,2019,4564332550096.38
JOR,2019,41823826702.47795
KAZ,2019,211106940610.6117
KEN,2019,84264984851.35487
KIR,2019,227422300.1465134
PRK,2019,
KOR,2019,1638146960195.0566
XKX,2019,7547450874.832311
KWT,2019,118077765457.42076
KGZ,2019,7920623120.268602
LAO,2019,18491844275.710567
LVA,2019,29335802338.52588
LBN,2019,46727888410.6848
LSO,2019,2299976266.273457
LBR,2019,3211334057.928275
LBY,2019,60949510655.870834
LIE,2019,
LTU,2019,49002127329.26306
LUX,2019,66707126419.27334
MAC,2019,50961553655.619385
MDG,2019,13186360203.144243
MWI,2019,10842133933.72083
MYS,2019,364602265936.14014
MDV,2019,5460112146.924447
MLI,2019,19167003985.770256
MLT,2019,14876818842.775295
MHL,2019,227200000.0
MRT,2019,7171275534.84383
MUS,2019,13871328044.456886
MEX,2019,1277682077998.636
FSM,2019,333726825.0786815
MDA,2019,9161406662.068958
MCO,2019,7072373236.60927
MNG,2019,14174566537.45549
MNE,2019,4779777587.717707
MAR,2019,123651944968.71307
MOZ,2019,18442825951.879883
MMR,2019,75854734833.60269
NAM,2019,11246291861.58804
NRU,2019,88701305.31527504
NPL,2019,30605298792.544785
NLD,2019,854304699526.719
NCL,2019,
NZL,2019,202429793153.8271
NIC,2019,13096437236.414772
NER,2019,12212475570.63731
NGA,2019,509371727735.74335
MKD,2019,11185494933.69437
MNP,2019,1032436363.6363636
NOR,2019,410249333418.6946
OMN,2019,83053651985.41573
PAK,2019,363242090361.64703
PLW,2019,269381408.0947745
PAN,2019,66072084974.63284
PNG,2019,24719771866.552933
PRY,2019,40677000526.590034
PER,2019,215017545590.31543
PHL,2019,396224439236.6416
POL,2019,577884228677.5436
PRT,2019,221866334950.96744
PRI,2019,96389357184.3707
QAT,2019,167371229300.12753
ROU,2019,218327690029.1698
RUS,2019,1461551317106.208
RWA,2019,11174486378.212494
WSM,2019,936894420.7462124
SMR,2019,1508721722.6040564
STP,2019,303157496.46587336
SAU,2019,748758860045.7899
SEN,2019,22560634320.127007
SRB,2019,47719025212.19808
SYC,2019,1901895701.037152
SLE,2019,8095145458.326863
SGP,2019,349888458531.0857
SXM,2019,1368162086.8271852
SVK,2019,99543529164.30856
SVN,2019,50002578162.67338
SLB,2019,1487659506.797427
SOM,2019,7928267057.802628
ZAF,2019,359483563936.6759
SSD,2019,
ESP,2019,1333521400432.6887
LKA,2019,97149412680.29048
KNA,2019,1046924638.7838142
LCA,2019,1974662679.7946403
MAF,2019,
VCT,2019,863155611.0517595
SDN,2019,51312429477.39505
SUR,2019,5256433828.640602
SWE,2019,546393370721.1162
CHE,2019,747109782755.7936
SYR,2019,15703131995.840157
TJK,2019,10943705646.91047
TZA,2019,60363511324.60043
THA,2019,460212749509.6262
TLS,2019,1957336651.251096
TGO,2019,6859436220.978359
TON,2019,483631266.73067033
TTO,2019,23533735414.60868
TUN,2019,49340470115.96896
TUR,2019,997053346501.186
TKM,2019,45710025794.8484
TCA,2019,1976932863.4109988
TUV,2019,45984984.35882525
UGA,2019,39600047064.27999
UKR,2019,101944118786.8211
ARE,2019,403336245504.4569
GBR,2019,3156963552417.565
USA,2019,20159639089698.133
URY,2019,60329073609.8215
UZB,2019,107444145839.57732
VUT,2019,871926684.7585922
VEN,2019,
VNM,2019,314947640805.6011
VIR,2019,3873124066.168623
PSE,2019,15828999999.999998
YEM,2019,
ZMB,2019,24089861649.015465
ZWE,2019,20720775635.068512
AFE,2020,960921818200.3082
AFW,2020,839187420911.0656
ARB,2020,2687572213332.368
CSS,2020,55507079559.94142
CEB,2020,1481155886225.7134
EAR,2020,11429059854628.234
EAS,2020,26616378301685.445
EAP,2020,17598124771099.82
TEA,2020,17576382690506.049
EMU,2020,12007722379857.97
ECS,2020,21227016942120.223
ECA,2020,1743366626834.2476
TEC,2020,4050935056374.274
EUU,2020,14048682909024.564
FCS,2020,1699267989987.5017
HPC,2020,808405548885.4445
HIC,2020,52275421377053.48
IBD,2020,30918389883811.008
IBT,2020,33422117667115.96
IDB,2020,1225032497318.169
IDX,2020,1277908197614.6523
IDA,2020,2502940694932.822
LTE,2020,22887703956518.82
LCN,2020,5256988958827.011
LAC,2020,4434160816743.516
TLA,2020,5053884455721.685
LDC,2020,1113522295629.7593
LMY,2020,30364678152934.223
LIC,2020,387893223538.741
LMC,2020,6010432229160.705
MEA,2020,3815126319217.228
MNA,2020,1958778991324.6736
TMN,2020,1944741591324.6736
MIC,2020,29976533418754.625
NAC,2020,21341080173865.547
INX,2020,
OED,2020,49848312132779.055
OSS,2020,136183965081.40562
PSS,2020,9154193906.6237
PST,2020,46616190939542.4
PRE,2020,1413461898306.6526
SST,2020,200845238547.97067
SAS,2020,2929264189584.7485
TSA,2020,2929264189584.7485
SSF,2020,1800109239111.3745
SSA,2020,1703358847506.7532
TSS,2020,1800109239111.3745
UMC,2020,23966101189593.92
WLD,2020,83020634205557.36
AFG,2020,20621957125.20773
ALB,2020,12593390460.142029
DZA,2020,192185826737.3729
ASM,2020,656560305.3435115
AND,2020,2672445970.8865747
AGO,2020,81399194250.73006
ATG,2020,1373179832.3413975
ARG,2020,514874343768.0657
ARM,2020,11941035821.918495
ABW,2020,2383266968.9116235
AUS,2020,1491062566266.518
AUT,2020,387247796560.5011
AZE,2020,51348755377.75968
BHS,2020,9814098450.910685
BHR,2020,34724774104.3146
BGD,2020,266852772253.89505
BRB,2020,4554114648.023644
BLR,2020,58643356621.64182
BEL,2020,470417598101.7553
BLZ,2020,1955575509.717013
BEN,2020,14725558723.298468
BMU,2020,6373786302.281591
BTN,2020,2380954251.4207983
BOL,2020,34855949803.364365
BIH,2020,18115912632.436096
BWA,2020,14796887968.59796
BRA,2020,1760056587795.4631
VGB,2020,
BRN,2020,13429259999.61834
BGR,2020,55357337083.97905
BFA,2020,15332394848.520063
BDI,2020,3218331064.792157
CPV,2020,1675762033.7188573
KHM,2020,31922812945.08807
CMR,2020,37599547048.58411
CAN,2020,1611126165625.026
CYM,2020,5165012420.04968
CAF,2020,2004791529.6620207
TCD,2020,15239205317.883589
CHI,2020,9748142610.599112
CHL,2020,245600606668.884
CHN,2020,14920466234565.322
COL,2020,298309675728.0929
COM,2020,1175888997.6510708
COD,2020,45259708653.51162
COG,2020,9926500702.400642
CRI,2020,61631202097.75812
CIV,2020,59423700880.66153
HRV,2020,53017808755.29978
CUB,2020,81054459000.25871
CUW,2020,2308903004.875607
CYP,2020,24433464399.392487
CZE,2020,205753475017.5395
DNK,2020,326176991232.29474
DJI,2020,3065135713.1142178
DMA,2020,493481872.04421073
DOM,2020,81415993438.07343
ECU,2020,93971273313.9152
EGY,2020,412213064649.0872
SLV,2020,23744951345.511013
GNQ,2020,9569759527.14748
ERI,2020,
EST,2020,26519903136.83123
SWZ,2020,4289130010.733637
ETH,2020,95071775811.9827
FRO,2020,2854366727.127327
FJI,2020,4327208912.296465
FIN,2020,247120696232.0897
FRA,2020,2413981867676.3555
PYF,2020,5525788640.182476
GAB,2020,15176119359.553291
GMB,2020,1687449652.956736
GEO,2020,17346401920.56995
DEU,2020,3522914639711.917
GHA,2020,62825173619.415695
GIB,2020,
GRC,2020,187085880047.7379
GRL,2020,2715195047.196714
GRD,2020,978809798.8044876
GUM,2020,5332547224.749772
GTM,2020,69530649309.9694
GIN,2020,12643401588.69853
GNB,2020,1422567560.2244258
GUY,2020,7275896377.20418
HTI,2020,14973407477.256063
HND,2020,22156260473.816902
HKG,2020,310097371736.97485
HUN,2020,141809897486.43076
ISL,2020,19291243916.130737
IND,2020,2533830417086.542
IDN,2020,1027656193885.376
IRN,2020,449842285446.3413
IRQ,2020,177479307669.5691
IRL,2020,407759843938.0389
IMN,2020,7279527763.560946
ISR,2020,349579824803.2078
ITA,2020,1751650987235.4285
JAM,2020,13452615521.986084
JPN,2020,4374056271824.006
JOR,2020,41362613665.93588
KAZ,2020,205829267103.1996
KEN,2020,84035138346.85896
KIR,2020,224083587.99628505
PRK,2020,
KOR,2020,1626525694049.9268
XKX,2020,7144396206.529796
KWT,2020,112389026890.49178
KGZ,2020,7354379549.419781
LAO,2020,18584864138.18996
LVA,2020,28318076614.16228
LBN,2020,36728167162.87392
LSO,2020,2112391149.606135
LBR,2020,3115556299.79146
LBY,2020,42996651437.74799
LIE,2020,
LTU,2020,49023107998.60891
LUX,2020,66366885630.95082
MAC,2020,23271029702.12204
MDG,2020,12245161113.128405
MWI,2020,10928176721.531595
MYS,2020,344706479641.2438
MDV,2020,3663253192.112197
MLI,2020,18942927332.097546
MLT,2020,14377204308.237118
MHL,2020,220900000.0
MRT,2020,7145411800.089597
MUS,2020,11853530018.694733
MEX,2020,1170944075562.0627
FSM,2020,328143728.2372624
MDA,2020,8403210632.930213
MCO,2020,6136054329.901518
MNG,2020,13528524951.028664
MNE,2020,4048142110.542917
MAR,2020,114775951852.2128
MOZ,2020,18217911539.740227
MMR,2020,68991135073.50641
NAM,2020,10335184546.16431
NRU,2020,90459205.07524404
NPL,2020,29880069318.72614
NLD,2020,821260592382.7006
NCL,2020,
NZL,2020,201807833897.729
NIC,2020,12803529948.206615
NER,2020,12646096746.888124
NGA,2020,500232309808.2155
MKD,2020,10661068595.405514
MNP,2020,732412121.2121211
NOR,2020,405005642242.7224
OMN,2020,80246670660.85811
PAK,2020,358614068499.2525
PLW,2020,253220048.5090224
PAN,2020,54297226765.65956
PNG,2020,23936789891.161976
PRY,2020,40343536418.78748
PER,2020,191509018299.91663
PHL,2020,358510629276.39105
POL,2020,566120997479.772
PRT,2020,203663018608.8439
PRI,2020,92359439312.91658
QAT,2020,161416823768.9724
ROU,2020,210305491425.9857
RUS,2020,1422766794794.989
RWA,2020,10797494132.13812
WSM,2020,907771582.239524
SMR,2020,1408423247.996472
STP,2020,311114954.7979903
SAU,2020,720270347023.0975
SEN,2020,22863414676.284943
SRB,2020,47265683024.00448
SYC,2020,1678615792.638381
SLE,2020,7993685031.06354
SGP,2020,336541232520.5025
SXM,2020,1185966832.347759
SVK,2020,96969818857.11478
SVN,2020,47959972369.98921
SLB,2020,1437359543.9651368
SOM,2020,7710043010.292939
ZAF,2020,337307318679.63873
SSD,2020,
ESP,2020,1187633217292.017
LKA,2020,92656723482.05235
KNA,2020,886725390.8211359
LCA,2020,1493605760.011094
MAF,2020,
VCT,2020,826308151.043014
SDN,2020,49449890489.35497
SUR,2020,4416708447.150395
SWE,2020,535436339440.5885
CHE,2020,731108655210.7609
SYR,2020,15593656903.825169
TJK,2020,11425228817.455387
TZA,2020,61565931105.41415
THA,2020,432369701127.2777
TLS,2020,2582938997.774444
TGO,2020,6996086823.909342
TON,2020,492256326.9078832
TTO,2020,21438575321.87017
TUN,2020,44893939452.69409
TUR,2020,1015597272884.8324
TKM,2020,48406917338.925705
TCA,2020,1308391552.5763474
TUV,2020,44019157.51553877
UGA,2020,40768765796.47478
UKR,2020,98118341608.38605
ARE,2020,383342656333.3736
GBR,2020,2831893577011.527
USA,2020,19723580221938.24
URY,2020,55890466349.1545
UZB,2020,109123866128.14767
VUT,2020,828395819.755769
VEN,2020,
VNM,2020,323972192107.0652
VIR,2020,3810575506.937033
PSE,2020,14037399999.999998
YEM,2020,
ZMB,2020,23418945736.89926
ZWE,2020,19101046519.592445
AFE,2021,1004774139530.5996
AFW,2021,873006676542.3125
ARB,2021,2805948372942.7725
CSS,2021,59103421605.53529
CEB,2021,1578113488315.704
EAR,2021,12286980106865.168
EAS,2021,28303786374948.227
EAP,2021,18956664571163.547
TEA,2021,18933189104502.42
EMU,2021,12771227094666.086
ECS,2021,22663327013124.586
ECA,2021,1901050092508.4224
TEC,2021,4353968378361.999
EUU,2021,14941776767669.34
FCS,2021,1741443211654.6746
HPC,2021,842697165751.4265
HIC,2021,55330068427069.45
IBD,2021,33275684905703.125
IBT,2021,35890142142901.57
IDB,2021,1289525302964.1729
IDX,2021,1324839459173.5696
IDA,2021,2614364762137.7417
LTE,2021,24624023134000.867
LCN,2021,5629292795061.98
LAC,2021,4738805598953.661
TLA,2021,5421811194207.568
LDC,2021,1144938564973.5647
LMY,2021,32615980701021.98
LIC,2021,392809494512.2892
LMC,2021,6410605814422.768
MEA,2021,4009121218432.449
MNA,2021,2046301016737.5464
TMN,2021,2031279316737.5457
MIC,2021,32221704996904.723
NAC,2021,22631517578337.67
INX,2021,
OED,2021,52817820787460.95
OSS,2021,146724680469.32538
PSS,2021,8908049603.366776
PST,2021,49263625019315.664
PRE,2021,1458513459115.371
SST,2021,214736151678.2274
SAS,2021,3200121520338.4663
TSA,2021,3200121520338.4663
SSF,2021,1877780816072.9124
SSA,2021,1775657650369.2043
TSS,2021,1877780816072.912
UMC,2021,25811099182481.973
WLD,2021,88350178087141.08
AFG,2021,16345202562.548471
ALB,2021,13722964212.46197
DZA,2021,199488888151.4848
ASM,2021,651422900.7633588
AND,2021,2893905656.789416
AGO,2021,82375341952.56158
ATG,2021,1485407940.318414
ARG,2021,568636554720.066
ARM,2021,12633615899.668158
ABW,2021,2958411905.441053
AUS,2021,1522541404227.634
AUT,2021,405817601897.0458
AZE,2021,54232727552.22438
BHS,2021,11540093873.180351
BHR,2021,36235315986.080414
BGD,2021,285368829855.224
BRB,2021,4542503209.52524
BLR,2021,60073587234.51066
BEL,2021,499619240040.6361
BLZ,2021,2302615266.5075574
BEN,2021,15779238957.3117
BMU,2021,6667453991.676151
BTN,2021,2486224986.2508445
BOL,2021,36986126802.97651
BIH,2021,19454671753.543537
BWA,2021,16560125447.609592
BRA,2021,1843881119920.2031
VGB,2021,
BRN,2021,13215632370.10146
BGR,2021,59664478253.80966
BFA,2021,16396850182.58891
BDI,2021,3318099327.759077
CPV,2021,1793627260.8812294
KHM,2021,32909177695.68368
CMR,2021,38854942334.57685
CAN,2021,1706996679677.691
CYM,2021,5418352633.410533
CAF,2021,2024497026.49048
TCD,2021,15284005406.165249
CHI,2021,10716796179.06413
CHL,2021,273390120031.2801
CHN,2021,16199162892908.637
COL,2021,330530695024.8858
COM,2021,1207941361.7321196
COD,2021,48065880294.850365
COG,2021,10027261669.799528
CRI,2021,66522107766.4702
CIV,2021,63620992438.48181
HRV,2021,59714859477.62009
CUB,2021,82070633423.42491
CUW,2021,2405500855.3550806
CYP,2021,27215993570.029896
CZE,2021,214043320221.16748
DNK,2021,350255593092.9345
DJI,2021,3200221046.311284
DMA,2021,520030399.241901
DOM,2021,92824351636.87675
ECU,2021,102825145845.29494
EGY,2021,425777537421.99646
SLV,2021,26571731219.35393
GNQ,2021,9652085293.25754
ERI,2021,
EST,2021,28417255488.302334
SWZ,2021,4436460293.196338
ETH,2021,100435279224.38776
FRO,2021,3011481923.3076334
FJI,2021,4115996279.011388
FIN,2021,253734502126.39304
FRA,2021,2580120255051.747
PYF,2021,5641527935.825802
GAB,2021,15398898313.837269
GMB,2021,1776141480.0321815
GEO,2021,19192793472.26803
DEU,2021,3652205602904.356
GHA,2021,66014472471.14653
GIB,2021,
GRC,2021,203277223532.87143
GRL,2021,2759563889.5360656
GRD,2021,1024691294.442861
GUM,2021,5442300818.926296
GTM,2021,75122098203.59503
GIN,2021,13349198344.07296
GNB,2021,1497072635.731237
GUY,2021,8735441012.709679
HTI,2021,14704149691.210394
HND,2021,24940257609.689182
HKG,2021,330112373193.4104
HUN,2021,152052706989.44467
ISL,2021,20262250570.204247
IND,2021,2779348258938.7666
IDN,2021,1065709127396.8616
IRN,2021,471073841462.0306
IRQ,2021,180145367592.77167
IRL,2021,474043708271.9634
IMN,2021,7558904124.238975
ISR,2021,382399686301.5488
ITA,2021,1908092024820.829
JAM,2021,14071627468.550465
JPN,2021,4492005937826.882
JOR,2021,42874683401.0676
KAZ,2021,214679925583.06857
KEN,2021,90413816676.97952
KIR,2021,243085288.87115788
PRK,2021,
KOR,2021,1696543311942.809
XKX,2021,7912108452.015963
KWT,2021,114268887221.65704
KGZ,2021,7759385792.104207
LAO,2021,19054754737.37994
LVA,2021,30284070900.41112
LBN,2021,34156740537.16038
LSO,2021,2160272945.1877737
LBR,2021,3270920145.6690845
LBY,2021,55179091532.878105
LIE,2021,
LTU,2021,52150790162.91309
LUX,2021,70965934440.76743
MAC,2021,28748073961.00224
MDG,2021,12814644792.231018
MWI,2021,11426314939.90642
MYS,2021,356134704342.13947
MDV,2021,5037261437.352936
MLI,2021,19530336378.594456
MLT,2021,16289342191.477396
MHL,2021,223600000.0
MRT,2021,7198481873.574888
MUS,2021,12257000314.844357
MEX,2021,1241768434263.698
FSM,2021,338315214.3871874
MDA,2021,9573777856.364817
MCO,2021,7500235156.945365
MNG,2021,13749955731.693554
MNE,2021,4576160079.608025
MAR,2021,124135631043.72678
MOZ,2021,18651030677.51132
MMR,2021,60700903302.88102
NAM,2021,10707646943.936388
NRU,2021,96978233.32302517
NPL,2021,31325711777.16738
NLD,2021,872809729132.8394
NCL,2021,
NZL,2021,210960637812.9206
NIC,2021,14142060836.744951
NER,2021,12821067681.411142
NGA,2021,518476715283.8959
MKD,2021,11141955229.99405
MNP,2021,768812121.2121211
NOR,2021,420836044191.9578
OMN,2021,82318780120.40015
PAK,2021,381973779235.2997
PLW,2021,218291145.4084344
PAN,2021,63238418924.79806
PNG,2021,23814388297.75564
PRY,2021,41964030301.44241
PER,2021,217099648514.38223
PHL,2021,378998554988.85706
POL,2021,605337233054.782
PRT,2021,214984152369.5192
PRI,2021,92715228856.77975
QAT,2021,164042828070.67502
ROU,2021,221968423307.8036
RUS,2021,1506233291759.559
RWA,2021,11969932692.176737
WSM,2021,843511966.5849628
SMR,2021,1604162946.379454
STP,2021,317023957.753826
SAU,2021,767229070838.8899
SEN,2021,24359596784.11698
SRB,2021,51022858874.92575
SYC,2021,1687886479.319667
SLE,2021,8465060863.023762
SGP,2021,369376902514.86536
SXM,2021,1240255611.869273
SVK,2021,102496703508.8557
SVN,2021,51983646950.5935
SLB,2021,1474218469.8973384
SOM,2021,7976673871.042908
ZAF,2021,354021006263.537
SSD,2021,
ESP,2021,1267004457826.9172
LKA,2021,96555233343.70406
KNA,2021,889985054.357552
LCA,2021,1666845859.707607
MAF,2021,
VCT,2021,843606096.1616307
SDN,2021,48525909156.87842
SUR,2021,4309144555.205409
SWE,2021,567227918083.3086
CHE,2021,771755519734.1005
SYR,2021,15882796969.627333
TJK,2021,12499200274.925535
TZA,2021,64226431583.15387
THA,2021,439080796986.8196
TLS,2021,2720236115.5799875
TGO,2021,7415213717.652642
TON,2021,494041269.3834154
TTO,2021,21243057044.177094
TUN,2021,47020260421.79904
TUR,2021,1131775463573.9575
TKM,2021,51408146222.39616
TCA,2021,1696059833.6628544
TUV,2021,44813322.94415543
UGA,2021,42210585952.78259
UKR,2021,101499127457.56355
ARE,2021,400036290964.1752
GBR,2021,3074755378978.021
USA,2021,20917853444668.305
URY,2021,59156857853.76048
UZB,2021,117891622986.82184
VUT,2021,815536673.7660019
VEN,2021,
VNM,2021,332245562394.77014
VIR,2021,3950332443.9701176
PSE,2021,15021699999.999998
YEM,2021,
ZMB,2021,24879098747.886097
ZWE,2021,20718530620.626183
AFE,2022,1040501584765.5042
AFW,2022,907708373678.8665
ARB,2022,3002236073160.1494
CSS,2022,67979666350.83305
CEB,2022,1641816629620.6443
EAR,2022,13019308032115.207
EAS,2022,29150203066864.145
EAP,2022,19628749418509.496
TEA,2022,19604430465360.07
EMU,2022,13223731356621.56
ECS,2022,23411478944492.133
ECA,2022,1960093561392.9348
TEC,2022,4438760777745.553
EUU,2022,15463565105696.068
FCS,2022,1763323392618.955
HPC,2022,884765753783.7919
HIC,2022,56991784393162.375
IBD,2022,34518738883482.77
IBT,2022,37247787154639.21
IDB,2022,1345818371567.9167
IDX,2022,1382974642789.8943
IDA,2022,2728793014357.8105
LTE,2022,25437321884150.89
LCN,2022,5852718532889.013
LAC,2022,4921332047465.751
TLA,2022,5638697291727.059
LDC,2022,1199588213307.8188
LMY,2022,33907264062796.09
LIC,2022,407094709532.9291
LMC,2022,6803437747882.4375
MEA,2022,4264800933987.677
MNA,2022,2131819679697.2085
TMN,2022,2116184679697.2075
MIC,2022,33498581572683.96
NAC,2022,23228991075317.44
INX,2022,
OED,2022,54430599618285.6
OSS,2022,153503323829.3409
PSS,2022,9743175893.415045
PST,2022,50611170704545.13
PRE,2022,1521208816435.8518
SST,2022,231226166073.5889
SAS,2022,3427367075327.1016
TSA,2022,3427367075327.1016
SSF,2022,1948209958444.3708
SSA,2022,1840527330055.6248
TSS,2022,1948209958444.3704
UMC,2022,26695143824801.53
WLD,2022,91318665777403.62
AFG,2022,15325233810.138836
ALB,2022,14385329993.534147
DZA,2022,206670488126.8317
ASM,2022,662725190.8396946
AND,2022,3170696511.929717
AGO,2022,84883445838.16035
ATG,2022,1620696017.3049798
ARG,2022,598603016935.287
ARM,2022,14225451502.998129
ABW,2022,3210407008.7602825
AUS,2022,1587133480804.5327
AUT,2022,427236226728.298
AZE,2022,56789627316.89538
BHS,2022,12795362392.87778
BHR,2022,38474716945.18906
BGD,2022,305629528154.3107
BRB,2022,5352561584.792132
BLR,2022,57275121700.34219
BEL,2022,520899825783.061
BLZ,2022,2524886205.2505965
BEN,2022,16765906414.794922
BMU,2022,7099253361.41199
BTN,2022,2615853471.185872
BOL,2022,38319728337.57138
BIH,2022,20276983961.36756
BWA,2022,17468616755.562717
BRA,2022,1899505377558.02
VGB,2022,
BRN,2022,13000438059.979092
BGR,2022,62074193826.54846
BFA,2022,16642350339.793173
BDI,2022,3379450965.7308035
CPV,2022,2077803747.086578
KHM,2022,34597385966.82052
CMR,2022,40306867605.13643
CAN,2022,1778503389905.0
CYM,2022,5697740750.963004
CAF,2022,2033686256.5847733
TCD,2022,17255124958.540096
CHI,2022,11289283294.669222
CHL,2022,279278925615.6918
CHN,2022,16706875253648.482
COL,2022,354752900899.01965
COM,2022,1241985921.4668374
COD,2022,52355494715.789925
COG,2022,10175199489.763865
CRI,2022,69549856033.0671
CIV,2022,67692661917.01774
HRV,2022,64066840476.84637
CUB,2022,83527427215.72987
CUW,2022,2596088688.124864
CYP,2022,29176869929.23159
CZE,2022,220137498830.72992
DNK,2022,355650135426.45605
DJI,2022,3365561651.664207
DMA,2022,574096959.6329951
DOM,2022,97686450823.96655
ECU,2022,108859360917.98628
EGY,2022,453827104224.60486
SLV,2022,27356823619.696564
GNQ,2022,9963221065.409668
ERI,2022,
EST,2022,28434428182.57276
SWZ,2022,4486130488.617634
ETH,2022,105780203623.56856
FRO,2022,3118570937.3591504
FJI,2022,4930664173.031936
FIN,2022,255670602724.75928
FRA,2022,2646451030889.7817
PYF,2022,5893499994.300563
GAB,2022,15866657481.128262
GMB,2022,1873704900.5382693
GEO,2022,21296041913.214424
DEU,2022,3702230996915.748
GHA,2022,68526224001.22167
GIB,2022,
GRC,2022,214952753800.89963
GRL,2022,2814880887.777335
GRD,2022,1099706286.2188244
GUM,2022,5719850773.430391
GTM,2022,78265595990.35306
GIN,2022,13879482945.938011
GNB,2022,1580686197.6198585
GUY,2022,14268000638.32202
HTI,2022,14456828250.629444
HND,2022,25973672631.77656
HKG,2022,317951853968.2529
HUN,2022,158545886039.5541
ISL,2022,22081592142.81244
IND,2022,2990839011962.461
IDN,2022,1122268412650.202
IRN,2022,488864564083.0748
IRQ,2022,194483223959.1973
IRL,2022,514903922090.30566
IMN,2022,7244046026.794964
ISR,2022,406350386042.2791
ITA,2022,2000084512919.557
JAM,2022,14806380290.26348
JPN,2022,4534320578755.848
JOR,2022,44009762839.50163
KAZ,2022,221549683201.0985
KEN,2022,94807911027.625
KIR,2022,254185355.4513369
PRK,2022,
KOR,2022,1740868427277.0076
XKX,2022,8250627929.713088
KWT,2022,121991940846.71709
KGZ,2022,8455209116.531332
LAO,2022,19570648221.68624
LVA,2022,30831235007.8675
LBN,2022,33944395264.17689
LSO,2022,2211855514.8791666
LBR,2022,3428189426.3946424
LBY,2022,50625917039.57107
LIE,2022,
LTU,2022,53474129886.97055
LUX,2022,70188819483.62811
MAC,2022,23110764976.518177
MDG,2022,13347233960.443811
MWI,2022,11531564448.649977
MYS,2022,387694727478.7773
MDV,2022,5733717713.57584
MLI,2022,20215515808.518387
MLT,2022,16984786096.093271
MHL,2022,221100000.0
MRT,2022,7687691068.956831
MUS,2022,13322509534.08515
MEX,2022,1287850323410.0095
FSM,2022,328484228.25596106
MDA,2022,9133384074.972034
MCO,2022,8328781591.628816
MNG,2022,14441951078.837976
MNE,2022,4869340027.242338
MAR,2022,126031434844.7856
MOZ,2022,19465045724.740444
MMR,2022,63151698289.33271
NAM,2022,11285723330.952017
NRU,2022,99840563.67155702
NPL,2022,33089761144.510345
NLD,2022,916513359459.6711
NCL,2022,
NZL,2022,218336637842.8635
NIC,2022,14644146345.718866
NER,2022,14346774735.50262
NGA,2022,535335926240.9961
MKD,2022,11449348867.205442
MNP,2022,896763636.3636364
NOR,2022,434497344228.6068
OMN,2022,88892516940.1985
PAK,2022,400224894618.8573
PLW,2022,215413135.6451959
PAN,2022,70048985344.86108
PNG,2022,25173614524.029217
PRY,2022,42037903094.74487
PER,2022,223198050485.2509
PHL,2022,407730367707.3934
POL,2022,637150470884.7329
PRT,2022,230002605108.70703
PRI,2022,95456906860.82306
QAT,2022,170908036353.71024
ROU,2022,230770154206.9284
RUS,2022,1484605556957.561
RWA,2022,12946823701.930689
WSM,2022,798752767.8644394
SMR,2022,1730866817.5849664
STP,2022,317558772.390522
SAU,2022,859301066620.7877
SEN,2022,25297546478.504177
SRB,2022,52365263375.31141
SYC,2022,1902424765.176896
SLE,2022,8914856495.10508
SGP,2022,384550906479.0062
SXM,2022,1361800675.6173792
SVK,2022,102944982587.62164
SVN,2022,53386809690.27179
SLB,2022,1509636294.9660254
SOM,2022,8194206884.511174
ZAF,2022,360788046853.641
SSD,2022,
ESP,2022,1345296618859.6665
LKA,2022,89459202881.05759
KNA,2022,982030904.704784
LCA,2022,2006689780.759637
MAF,2022,
VCT,2022,869849273.020018
SDN,2022,48061119947.982414
SUR,2022,4412832154.845643
SWE,2022,575505409859.5558
CHE,2022,795248228754.8405
SYR,2022,15999183136.033363
TJK,2022,13499136339.224829
TZA,2022,67159014151.45101
THA,2022,450410744554.8572
TLS,2022,2161456508.5749083
TGO,2022,7842296104.315074
TON,2022,482629585.7572904
TTO,2022,21472954153.103645
TUN,2022,48277261609.99678
TUR,2022,1194401442556.9524
TKM,2022,54595451255.39505
TCA,2022,1934985875.6539724
TUV,2022,45116847.77562777
UGA,2022,44147216889.62398
UKR,2022,72309415409.67384
ARE,2022,430077804445.49365
GBR,2022,3223545410805.621
USA,2022,21443388432051.027
URY,2022,61810768801.32092
UZB,2022,124966702851.26324
VUT,2022,857832270.1819118
VEN,2022,
VNM,2022,360611028837.664
VIR,2022,3898534418.3564568
PSE,2022,15635000000.0
YEM,2022,
ZMB,2022,26175604214.18955
ZWE,2022,21990477716.18896
